,X,height,weight
1,1,185.09,45.19
2,2,181.65,61.83
3,3,176.27,69.32
4,4,173.27,64.48
5,5,172.18,65.37
6,6,174.49,55.86
7,7,177.3,64.1
8,8,177.84,61.82
9,9,172.47,50.9
10,10,169.63,54.66
11,11,168.88,57.74
12,12,171.76,51.71
13,13,173.49,56.9
14,14,173.43,52.59
15,15,180.57,63.42
16,16,168.81,58.66
17,17,174.37,64.77
18,18,180.93,62.47
19,19,170.51,56.19
20,20,172.3,64
21,21,174.95,65.02
22,22,173.79,58.66
23,23,171.78,64.26
24,24,170.71,58.77
25,25,179.94,64.52
26,26,171.44,59.59
27,27,169,49.07
28,28,166.22,51.59
29,29,176.59,46.8
30,30,167.17,54.7
31,31,172.25,56.98
32,32,179.31,61.71
33,33,182.38,63.47
34,34,175.78,58.32
35,35,169.68,64.24
36,36,171.85,54.92
37,37,172.23,59.5
38,38,162.68,48.34
39,39,174.18,56.33
40,40,165.57,56.56
41,41,176.93,63.27
42,42,172.64,62.23
43,43,167.59,48.22
44,44,174.43,58.33
45,45,169.88,65.99
46,46,171.95,52.92
47,47,177.35,65.06
48,48,175.48,61.12
49,49,177.58,66.6
50,50,171.02,57.23
51,51,178.48,56.84
52,52,175.52,52.42
53,53,166.07,55.94
54,54,178.27,67
55,55,178.83,70.62
56,56,169.02,58.02
57,57,168.57,54.07
58,58,171.54,60.62
59,59,168.92,58.32
60,60,175.26,62.31
61,61,173.49,58.78
62,62,170.21,58.36
63,63,179.85,61.3
64,64,173.28,49.65
65,65,175.41,64.54
66,66,172.04,60.14
67,67,170.73,46.9
68,68,171.11,56.5
69,69,165.79,58.58
70,70,179.94,60.71
71,71,177.61,63.6
72,72,163.28,46.58
73,73,173.34,58.22
74,74,168.55,54.5
75,75,173.64,62.79
76,76,166.31,60.23
77,77,177.09,52.38
78,78,172.02,55.5
79,79,174.34,60.99
80,80,169.63,55.22
81,81,177.93,70.39
82,82,168.35,58.41
83,83,175.77,58.48
84,84,175.6,63.18
85,85,171.11,63.82
86,86,178.04,59.61
87,87,178.25,54.87
88,88,173.29,59.58
89,89,173.05,61.86
90,90,178.42,64.09
91,91,181.58,63.7
92,92,175.78,50.8
93,93,177.96,60.46
94,94,179.21,59.71
95,95,168.37,54.37
96,96,161.1,55.76
97,97,169.59,58.05
98,98,174.97,52.31
99,99,164.78,46.25
100,100,170.42,59.05
101,101,173.6,60.79
102,102,172.1,51.9
103,103,172.77,55.94
104,104,171.86,55.74
105,105,168.44,57.29
106,106,176.37,58.17
107,107,162.14,57.62
108,108,172.02,55.29
109,109,177.93,57.81
110,110,178.27,59.63
111,111,167.5,50.69
112,112,177.82,55.28
113,113,174.27,58.24
114,114,174.77,60.1
115,115,177.2,61.64
116,116,166.26,52.52
117,117,174.82,62.02
118,118,167.13,54.31
119,119,170.73,49.38
120,120,176.33,58.11
121,121,175.12,61.29
122,122,172.57,48.41
123,123,166.69,55.85
124,124,168.9,49.61
125,125,172.54,54.05
126,126,174.99,63.53
127,127,178.41,60.69
128,128,173.4,60.06
129,129,180.93,59.21
130,130,175.51,52.35
131,131,163.57,56.08
132,132,180.58,58.05
133,133,173.28,61.59
134,134,167.43,52.83
135,135,171.29,-
136,136,177.75,-
137,137,176.58,-
138,138,165.57,-
139,139,172.74,-
140,140,173.58,57.8
141,141,165.57,48.54
142,142,173.39,52.76
143,143,174.16,60.63
144,144,163.82,51.14
145,145,174.52,59.23
146,146,174.98,62.4
147,147,176.63,56.81
148,148,171.2,62.73
149,149,168.85,54.73
150,150,167.67,63.49
151,151,184.01,61.94
152,152,162.88,48.07
153,153,171.45,49.28
154,154,182.92,62.87
155,155,165.89,52.51
156,156,170.37,66.27
157,157,163.55,49.77
158,158,176.2,62.99
159,159,173.68,54.31
160,160,165.89,58.12
161,161,170.53,57.64
162,162,173.72,-
163,163,168.38,-
164,164,170.65,-
165,165,167.62,-
166,166,176.36,-
167,167,172.66,-
168,168,172.11,56.46
169,169,165.81,54.14
170,170,169.71,47.49
171,171,169.91,55.74
172,172,166.97,53.86
173,173,167.6,55.04
174,174,169.12,54.02
175,175,170.47,61.17
176,176,167.32,52.65
177,177,169.62,49.46
178,178,174.59,56.27
179,179,168.22,63.95
180,180,167.54,58.5
181,181,174.2,57.92
182,182,169.15,54.78
183,183,170.09,57.82
184,184,172.92,45.97
185,185,178.28,65.68
186,186,166.42,50.26
187,187,171.35,60.19
188,188,171.22,66.29
189,189,176.94,65.95
190,190,167.13,54.74
191,191,167.91,52.45
192,192,173.33,58.12
193,193,172.78,57.74
194,194,181.33,57.93
195,195,166.96,55.04
196,196,168.74,51.06
197,197,177.83,61.16
198,198,176.48,58.29
199,199,174.31,56.36
200,200,173.64,63.43
201,201,173.71,53.24
202,202,174.69,65.17
203,203,177.61,63.95
204,204,181.75,70.64
205,205,173.86,60.71
206,206,169.45,58.93
207,207,169.38,48.12
208,208,172.56,50.76
209,209,175,61.69
210,210,170.92,59.45
211,211,176.71,59.49
212,212,171.89,54.15
213,213,175.37,53
214,214,172.64,62.75
215,215,167.23,49.67
216,216,167.06,58.96
217,217,180.7,62.11
218,218,172.29,51.53
219,219,165.28,52.08
220,220,177.06,57.85
221,221,177.62,55.26
222,222,167.93,53.44
223,223,174.28,57.85
224,224,175.25,53.44
225,225,169.65,56.7
226,226,172.78,63.92
227,227,176.97,65.9
228,228,182.43,52.58
229,229,184.78,61.49
230,230,170.89,60.21
231,231,171.22,52.39
232,232,174.07,51.79
233,233,173.92,67.48
234,234,174.04,64.41
235,235,161.86,60.75
236,236,171.97,64.28
237,237,176.46,62.85
238,238,169.42,60.91
239,239,165.69,53.01
240,240,177.53,52.4
241,241,177.37,61.06
242,242,166.11,54.62
243,243,173.54,54.4
244,244,178.05,62.94
245,245,167.78,65.02
246,246,173.32,55.78
247,247,165.65,52.33
248,248,175.67,54.81
249,249,171.71,54.65
250,250,170.91,56.19
251,251,169.78,53.1
252,252,172.93,57.97
253,253,169.09,52.89
254,254,178.23,55.26
255,255,172.34,56.17
256,256,169.22,49.31
257,257,161.77,47.41
258,258,172.81,59.91
259,259,170.03,57.61
260,260,168.31,56.68
261,261,179.65,60.39
262,262,179.6,55.42
263,263,162.03,52.88
264,264,172.32,57.01
265,265,172.16,45.58
266,266,170.79,53.68
267,267,169.56,62.12
268,268,175.34,53.77
269,269,174.06,56.25
270,270,164.22,56.6
271,271,165.46,57.25
272,272,169.52,55.05
273,273,170.18,60.38
274,274,178.48,57.72
275,275,171.64,56.66
276,276,168.42,46.57
277,277,175.02,60.8
278,278,166.64,45.74
279,279,172.72,66.09
280,280,177.64,70.35
281,281,178.17,62.84
282,282,169.33,52.67
283,283,176.29,54.64
284,284,169.69,51.83
285,285,171.96,60.4
286,286,171.55,59.7
287,287,167.08,53.63
288,288,168.29,59.41
289,289,171.17,58.98
290,290,164.96,58.52
291,291,175.91,64.84
292,292,175.46,62.85
293,293,176.9,59.32
294,294,175.46,56.31
295,295,172.75,61.32
296,296,174.9,56.26
297,297,160.51,50.39
298,298,166.56,58.62
299,299,175.57,57.87
300,300,177.26,54.96
301,301,171.4,53.55
302,302,175.48,55.87
303,303,174.12,68.82
304,304,173.26,52.24
305,305,170.44,55.44
306,306,180.94,58.54
307,307,175.56,62.64
308,308,166.37,65.26
309,309,169.13,54.74
310,310,172.72,51.33
311,311,184.35,67.64
312,312,172.66,59.18
313,313,169.22,55.44
314,314,170.93,60.64
315,315,167.54,61.08
316,316,169.01,62.44
317,317,172.92,51.04
318,318,167.22,54.9
319,319,175.86,52.06
320,320,164.32,50
321,321,175.8,57.09
322,322,170.61,53.77
323,323,172.33,54.05
324,324,175.96,68.29
325,325,172.48,54.86
326,326,170.37,53.64
327,327,177.84,64.67
328,328,177.94,65.97
329,329,180,57.69
330,330,167.79,52.53
331,331,165.7,47.31
332,332,174.6,62.74
333,333,176.58,65.91
334,334,178.58,56.36
335,335,170.94,56.26
336,336,171.72,57.15
337,337,172.35,62.88
338,338,168.82,55.06
339,339,175.06,51.76
340,340,173.91,58.62
341,341,176.58,62.31
342,342,178.41,60.93
343,343,172.36,57.85
344,344,172.73,52.4
345,345,170.54,59.61
346,346,172.97,57.8
347,347,175.24,56.95
348,348,176.09,54.35
349,349,178.04,63.81
350,350,174.61,62.02
351,351,163.03,53.67
352,352,167.87,58.69
353,353,175.88,68.89
354,354,176.95,54.75
355,355,173.81,61.65
356,356,173.45,58.92
357,357,176.22,59.69
358,358,173.62,63.14
359,359,178.74,57.82
360,360,166.95,59.71
361,361,168.9,55.65
362,362,179.87,63.52
363,363,171.13,64.64
364,364,172.2,62.26
365,365,173.13,57.1
366,366,174.9,65.05
367,367,171.99,55.55
368,368,164.24,49.2
369,369,166.97,45.6
370,370,173.8,52.61
371,371,174.98,63.66
372,372,173.42,56.94
373,373,175.72,60.85
374,374,184.43,61.82
375,375,167.75,57.93
376,376,175.84,55.78
377,377,174.95,52.7
378,378,168.81,56.42
379,379,176.03,56.98
380,380,171.66,48.74
381,381,176.32,64.79
382,382,171.37,53.79
383,383,168.78,53.9
384,384,174.66,59.74
385,385,161.97,54.07
386,386,175.35,57.13
387,387,168.88,57.36
388,388,169.53,51.44
389,389,171.94,52.48
390,390,169.39,59.01
391,391,170.25,56.83
392,392,167.41,53.08
393,393,177.88,62.21
394,394,175.95,67.7
395,395,178,68.43
396,396,164.87,53
397,397,177.01,62.59
398,398,171.62,57.81
399,399,162.19,54.7
400,400,181.91,65.35
401,401,165.07,47.92
402,402,164.1,54.43
403,403,165.82,57.06
404,404,171.96,49.94
405,405,179.98,60.92
406,406,173.15,52.32
407,407,171.32,56.67
408,408,180.45,52.73
409,409,172.29,60.43
410,410,170.57,49.26
411,411,173.49,60.88
412,412,166.15,59.44
413,413,174.42,59.27
414,414,177.97,57.57
415,415,175.6,54.09
416,416,170.23,47.82
417,417,166.43,60.92
418,418,178.3,60.11
419,419,171.88,57.1
420,420,177.12,57.24
421,421,171.75,64.49
422,422,179.82,56.44
423,423,176.93,55.43
424,424,169.5,55.82
425,425,171.65,59.53
426,426,165.74,56.31
427,427,179.61,58.16
428,428,181.04,61.99
429,429,169.06,53.48
430,430,172.83,55.04
431,431,173.02,54.03
432,432,180.94,57.33
433,433,169.99,58.55
434,434,180.6,61.06
435,435,176.31,66.17
436,436,174.19,58.98
437,437,176.79,59.88
438,438,175.39,57.74
439,439,173.45,56.78
440,440,175.9,61.04
441,441,173.33,55.24
442,442,171.92,56.93
443,443,174.86,66.12
444,444,176.58,54.32
445,445,170.12,50.51
446,446,182.89,62.82
447,447,171.31,61.16
448,448,167.8,52.78
449,449,166.56,56.15
450,450,173.49,62.04
451,451,180.41,69.35
452,452,179.75,57.24
453,453,171.47,65.71
454,454,176.55,61.23
455,455,168.77,49.29
456,456,174.17,50.06
457,457,170.21,62.64
458,458,174.5,54.14
459,459,173.3,52.24
460,460,178.83,59.96
461,461,166.89,57.71
462,462,173.94,60.84
463,463,169.24,56.61
464,464,169.78,56.2
465,465,177.54,60.5
466,466,171.84,60.77
467,467,173.51,59
468,468,177.16,62.56
469,469,174.19,57.35
470,470,173.09,59.71
471,471,172.67,59.68
472,472,164.66,53.28
473,473,175.79,57.17
474,474,175.93,57.76
475,475,180.19,64.54
476,476,175.46,63.17
477,477,168.15,49.98
478,478,180.49,59.78
479,479,175.25,58.53
480,480,180.24,56.33
481,481,167.7,57.32
482,482,177.45,67.6
483,483,169.74,64.4
484,484,175.5,57.6
485,485,169.71,55.42
486,486,170.51,51.04
487,487,164.02,60.82
488,488,174.45,54.67
489,489,171.54,52.45
490,490,180.79,58.29
491,491,179.16,61.05
492,492,181.7,53.61
493,493,169.6,48.09
494,494,168.49,57.25
495,495,164.67,51.81
496,496,173.69,59.02
497,497,172.85,55.86
498,498,175.49,55.65
499,499,177.57,56.94
500,500,173.75,50.61
501,501,173.55,56.87
502,502,170.07,54.35
503,503,179.19,60.07
504,504,176.22,60.1
505,505,171.5,53.21
506,506,164.77,46.14
507,507,175.6,58.18
508,508,174.78,60.72
509,509,171.61,57.87
510,510,173.15,57.81
511,511,167.15,63.15
512,512,164.9,51.61
513,513,173.62,66.83
514,514,169.46,60.09
515,515,175.72,60.16
516,516,167.36,47.61
517,517,167.73,57.77
518,518,176.38,59.22
519,519,170.56,58.25
520,520,166.86,55.52
521,521,169.02,54.86
522,522,175.37,66.82
523,523,171.76,53.22
524,524,176.76,60
525,525,173.03,53.53
526,526,180.92,56.05
527,527,168.74,59.06
528,528,168.45,55.67
529,529,172.79,48.86
530,530,173.45,53.72
531,531,169.97,56.92
532,532,182.31,67.32
533,533,167.76,68.08
534,534,175.3,57.56
535,535,174.52,58.31
536,536,165.13,53.65
537,537,167.79,56.8
538,538,180.76,67.62
539,539,171.58,48.63
540,540,174.84,60.57
541,541,173.02,56.56
542,542,172.48,51.05
543,543,171.81,57.91
544,544,177.25,60.78
545,545,172.72,62.79
546,546,176.31,57.1
547,547,178.89,58.7
548,548,171.89,60.75
549,549,172.42,48.07
550,550,172.9,57.56
551,551,170.17,55.23
552,552,181.81,68.28
553,553,163.49,52.55
554,554,172.54,56.84
555,555,177.59,59.62
556,556,177.64,58.47
557,557,169.67,58.49
558,558,178.08,67.12
559,559,175.13,47.74
560,560,172.79,50.08
561,561,176.18,53.74
562,562,173.86,55.64
563,563,166.89,56.57
564,564,176.67,61.5
565,565,167.25,52.75
566,566,174.75,56.79
567,567,175.36,60.3
568,568,171.1,62.66
569,569,178.71,56.4
570,570,177.52,61.93
571,571,165.49,52.1
572,572,176.3,60.08
573,573,174.01,64.84
574,574,166.92,61.04
575,575,162.52,55.55
576,576,178,69.56
577,577,173.8,57.21
578,578,173.32,61.03
579,579,172.28,60.97
580,580,168.43,53.63
581,581,177.17,54.95
582,582,166.9,59.92
583,583,169.88,62.99
584,584,170.89,50.15
585,585,179.41,69.81
586,586,177.64,56.24
587,587,167.33,60.94
588,588,184.02,62.63
589,589,177.98,67.53
590,590,171.92,57.53
591,591,167.93,53.37
592,592,177.66,67.46
593,593,173.34,58.08
594,594,174.76,58.75
595,595,169.21,56.88
596,596,178.28,58.34
597,597,166.6,56.26
598,598,174.49,68.59
599,599,164.81,48.46
600,600,177.34,65.97
601,601,168.5,55.08
602,602,178.93,59.32
603,603,177.78,61.44
604,604,178.15,56.14
605,605,170.64,59.79
606,606,173.24,53.22
607,607,172.11,58.73
608,608,164.59,55.43
609,609,168.86,51.91
610,610,170.14,52.79
611,611,166.88,63.16
612,612,169.74,55.94
613,613,168.53,60.04
614,614,178.14,64.96
615,615,178.09,60.22
616,616,173.12,55.46
617,617,170.55,47.42
618,618,180.06,64.68
619,619,173.13,59.31
620,620,180.84,65.15
621,621,172.53,64.45
622,622,165.87,48.9
623,623,168.68,47.88
624,624,181.12,56.81
625,625,175.41,48.21
626,626,167.52,53.7
627,627,176.88,61.96
628,628,180.61,66.11
629,629,168.2,58.73
630,630,167.98,49.15
631,631,172.17,54.93
632,632,169.36,61.49
633,633,177.78,62.29
634,634,180.71,56.17
635,635,174.34,58.37
636,636,175.48,60.56
637,637,172.65,48.25
638,638,167.51,51.21
639,639,167.69,57.06
640,640,180.94,63.55
641,641,171.52,64.88
642,642,180.52,66.05
643,643,173.41,58.06
644,644,170.99,60.79
645,645,175.23,63.52
646,646,173.75,66.29
647,647,170.41,59.83
648,648,169.59,55.32
649,649,166.74,59.56
650,650,165.97,58.67
651,651,173.18,56.96
652,652,179.47,69.37
653,653,167.5,56.42
654,654,176.85,61.07
655,655,173.48,52.27
656,656,177.95,53.44
657,657,173.83,56.43
658,658,175.95,60.89
659,659,171.97,58.58
660,660,180.07,60.31
661,661,179.18,66.75
662,662,181.82,70.22
663,663,173.79,57.21
664,664,176.17,60.91
665,665,178.93,60.72
666,666,171.15,58.4
667,667,171.47,55.74
668,668,174.04,50.82
669,669,169.69,50.62
670,670,183.86,67.25
671,671,174.03,61.95
672,672,179.83,60.34
673,673,168.2,52.95
674,674,173.51,56.56
675,675,170.62,55.08
676,676,172.14,55.81
677,677,171.38,62.12
678,678,172.15,55.04
679,679,175.77,68.38
680,680,177.91,64.46
681,681,179.25,61.04
682,682,168.79,60.5
683,683,171.91,61.65
684,684,176.16,54.24
685,685,179.3,69.27
686,686,170.88,63.51
687,687,173.96,65.8
688,688,170.24,54.13
689,689,167.07,55.95
690,690,167.55,50.14
691,691,173.2,50.51
692,692,183.1,63.19
693,693,169.81,60.29
694,694,175.54,60.48
695,695,164.06,51.08
696,696,170.28,56.53
697,697,175.24,55.91
698,698,179.32,64.37
699,699,178.03,52.68
700,700,166.84,59.4
701,701,170.43,59.46
702,702,167.74,57.64
703,703,175.93,55.47
704,704,169.2,52.21
705,705,173.02,57.51
706,706,177.12,64.98
707,707,162.61,56.8
708,708,168.24,49.38
709,709,184.07,63.08
710,710,168.2,46.29
711,711,181.1,65.41
712,712,180.16,65.86
713,713,173.37,61.12
714,714,164.54,61.01
715,715,166.19,50.51
716,716,175.04,54.27
717,717,168.03,53.07
718,718,167.6,57.64
719,719,175.88,65.65
720,720,173.53,55.65
721,721,178.09,60.79
722,722,174.33,56.61
723,723,172.07,61.54
724,724,164.05,54.73
725,725,164.24,56.63
726,726,167.41,60.5
727,727,167.07,56.42
728,728,170.56,61.59
729,729,183.5,65.04
730,730,174.58,59.15
731,731,171.63,57.62
732,732,178.72,63.98
733,733,161.6,48.66
734,734,168.17,55.41
735,735,168.2,50.56
736,736,177.98,62.46
737,737,176.93,64.72
738,738,168.28,51.84
739,739,172.9,58.11
740,740,170.56,60.96
741,741,174.67,63.47
742,742,173.03,55.26
743,743,166.95,50.48
744,744,175.7,61.19
745,745,178.72,60.24
746,746,179.8,53.34
747,747,180.04,61.15
748,748,169.22,68.68
749,749,177.76,58.4
750,750,170,54.43
751,751,181.5,56.9
752,752,176.95,57.91
753,753,176.05,61.67
754,754,169.16,52.68
755,755,163.07,57.57
756,756,173.31,56.95
757,757,178.03,54.85
758,758,180.28,55.6
759,759,164.93,54.11
760,760,169.93,60.21
761,761,175.76,60.19
762,762,173.77,56.33
763,763,168.44,59.9
764,764,183.22,64.69
765,765,167,58.71
766,766,177.72,58.23
767,767,165.39,51.19
768,768,171.28,55.3
769,769,168.65,53.63
770,770,170.66,58.95
771,771,171.92,50.59
772,772,172.15,64.44
773,773,161.62,55.54
774,774,168.78,55.64
775,775,182.69,53.96
776,776,172.52,63.16
777,777,172.75,64.02
778,778,172.12,54.26
779,779,175.76,61.76
780,780,170.18,53.64
781,781,170.43,62.37
782,782,177.42,58.47
783,783,171.27,55.93
784,784,173,52.29
785,785,173.47,58.86
786,786,176.41,61.59
787,787,175.47,57.9
788,788,180.13,63.01
789,789,163.08,49.47
790,790,180.6,56.45
791,791,183.1,61.71
792,792,168.02,54.57
793,793,171.52,52.62
794,794,170.63,52.33
795,795,185.24,64.32
796,796,166.47,61.38
797,797,175.48,61.21
798,798,165.84,49.04
799,799,174.08,56.68
800,800,181.17,64.73
801,801,169.88,58.12
802,802,172.5,58.11
803,803,170.19,46.92
804,804,173.42,70.72
805,805,168.16,47.55
806,806,163.18,55.1
807,807,171.29,59.8
808,808,163.83,53.64
809,809,175,61.33
810,810,178.64,63.72
811,811,163.37,50.59
812,812,170.47,58
813,813,172.75,59.1
814,814,173.36,58.08
815,815,172.13,64.7
816,816,171.3,55.76
817,817,166.97,53.4
818,818,176.9,59.31
819,819,182.7,58.52
820,820,176.26,65.49
821,821,170.55,52.49
822,822,175.63,52.79
823,823,169.94,64.32
824,824,172.31,59.86
825,825,172.96,61.27
826,826,168,57.56
827,827,180.76,58.82
828,828,171.6,60.93
829,829,177.83,54.98
830,830,184.31,64.85
831,831,169.17,56.52
832,832,174.04,54.43
833,833,168.52,63.16
834,834,175.33,59.65
835,835,175.58,59.37
836,836,173.34,58.84
837,837,173.96,55.87
838,838,179.53,62.3
839,839,178.71,62.01
840,840,171.76,53.64
841,841,176.39,52.66
842,842,172.53,56.55
843,843,173.72,54.8
844,844,168.45,47.62
845,845,180.92,65.88
846,846,165.84,49.01
847,847,167.65,59.06
848,848,171.75,53.23
849,849,175.52,61.55
850,850,175.25,57.76
851,851,175.45,68.58
852,852,173.59,50.95
853,853,174.69,62.61
854,854,168.1,49.63
855,855,183.82,63.41
856,856,169.8,56.44
857,857,167.02,59.12
858,858,177.02,68.44
859,859,168.35,49.27
860,860,168.85,48.01
861,861,174.55,64.97
862,862,173.46,51.98
863,863,171.87,56.07
864,864,181.1,63.18
865,865,170.37,52.47
866,866,179.53,66.4
867,867,181.36,69.76
868,868,180.35,62.33
869,869,168.35,57.05
870,870,172.86,63.28
871,871,162.98,57.24
872,872,169.87,51.61
873,873,179.15,58.78
874,874,166.26,52.64
875,875,175.55,63.03
876,876,172.57,57.52
877,877,170.72,57
878,878,171.8,51.43
879,879,178.04,55.83
880,880,163.61,55.74
881,881,177.23,58.04
882,882,169.12,57.95
883,883,173.1,50.04
884,884,168.1,57.96
885,885,169.66,53.53
886,886,170.6,58.77
887,887,172.77,59.17
888,888,170.07,47.58
889,889,174.51,55.55
890,890,176.99,62.66
891,891,168.98,48.81
892,892,168.83,64.07
893,893,181.47,69.62
894,894,169.23,60.95
895,895,162.59,49.68
896,896,165.18,53.09
897,897,169.6,56.3
898,898,175.06,56.72
899,899,180.92,60.35
900,900,180.6,55.54
901,901,177.31,61.09
902,902,170.41,50.49
903,903,170.89,52.93
904,904,182.54,64.85
905,905,170.69,45.27
906,906,173.84,57.95
907,907,170.7,61.91
908,908,176.19,65.86
909,909,175.37,57.39
910,910,167.4,58.07
911,911,168.78,55.64
912,912,167.84,60.37
913,913,176.16,52.89
914,914,179.92,65.25
915,915,171.87,60.03
916,916,165.89,56.16
917,917,169.34,51.25
918,918,170.01,56.15
919,919,172.06,60.69
920,920,163.26,58.05
921,921,169.76,54.94
922,922,167.38,55.59
923,923,171.85,56.81
924,924,174.47,56.57
925,925,167.84,52.82
926,926,169.96,58.84
927,927,176.49,56.12
928,928,174.24,62.36
929,929,175.8,59.29
930,930,171.79,64.31
931,931,166.96,56.96
932,932,167.89,47.3
933,933,171.84,53.03
934,934,171.69,59.69
935,935,176.73,56.84
936,936,167.87,58.7
937,937,178,58.94
938,938,165.12,59.76
939,939,175.68,64.54
940,940,176.82,57.82
941,941,181.57,69.45
942,942,176.46,57.42
943,943,175.27,51.65
944,944,176.68,60.69
945,945,174.34,57.8
946,946,170.69,57.3
947,947,167.83,54.71
948,948,168.11,57.37
949,949,179.85,60.28
950,950,170.58,57.06
951,951,165.86,54.96
952,952,175.86,58.79
953,953,175.03,58.91
954,954,183.76,55.9
955,955,173.47,62.19
956,956,173.6,57.87
957,957,171.36,60.56
958,958,174.92,51.61
959,959,169.23,61.43
960,960,164.52,55.54
961,961,171.97,53.88
962,962,185.4,60.82
963,963,180.22,56.3
964,964,172.61,59.21
965,965,170.71,56.48
966,966,168.58,58.48
967,967,171.8,55.24
968,968,177.15,57.2
969,969,173.17,60.98
970,970,169.92,59.73
971,971,171.44,46.92
972,972,168.95,52.73
973,973,169.88,55.95
974,974,177.11,68.1
975,975,177.25,61.27
976,976,166.12,50.94
977,977,172.72,62.28
978,978,183.53,60.15
979,979,179.82,57.09
980,980,165.58,64.04
981,981,171.99,61.57
982,982,177.93,61
983,983,170.95,55.28
984,984,168.65,58.14
985,985,177.13,59.18
986,986,174.54,59.67
987,987,162.27,49.2
988,988,173.76,51.9
989,989,172.55,60.48
990,990,179.57,61.55
991,991,175.14,67.09
992,992,168.9,55.95
993,993,174.23,54.74
994,994,168.31,52.67
995,995,176.75,56.13
996,996,171.09,54.05
997,997,177.01,54.09
998,998,173.84,56.44
999,999,173.94,59.29
1000,1000,166.25,53.55
1001,1001,169.69,49.66
1002,1002,177.93,63.52
1003,1003,171.29,55.07
1004,1004,171,53.28
1005,1005,172.65,61.84
1006,1006,175.36,67.49
1007,1007,171.94,56.16
1008,1008,176.03,60.52
1009,1009,166.11,53.11
1010,1010,173.63,55.99
1011,1011,166.04,53.35
1012,1012,173.65,62.17
1013,1013,180.74,58.53
1014,1014,175.91,64.51
1015,1015,169.41,58.2
1016,1016,175.71,52.23
1017,1017,173.52,54.15
1018,1018,172.25,55.14
1019,1019,174.15,64.71
1020,1020,168.23,49.88
1021,1021,175.14,55.31
1022,1022,172.38,56.54
1023,1023,172.86,54.05
1024,1024,172.06,60
1025,1025,177.38,60.26
1026,1026,163.94,53.96
1027,1027,172.55,62.75
1028,1028,172.14,56.54
1029,1029,176.31,61.6
1030,1030,172.14,52.65
1031,1031,172.21,63.06
1032,1032,172.68,62.51
1033,1033,177.75,65.46
1034,1034,162.13,49.46
1035,1035,166.55,57.63
1036,1036,176.13,56.42
1037,1037,170.9,52.06
1038,1038,174.61,60.02
1039,1039,175.34,56.8
1040,1040,176.9,58.21
1041,1041,169.42,53.33
1042,1042,172.5,51.17
1043,1043,163.5,57.16
1044,1044,167.32,53.81
1045,1045,170.37,56.82
1046,1046,176.14,56.6
1047,1047,177.37,65.92
1048,1048,167.9,52.9
1049,1049,175.93,60.03
1050,1050,173.57,52.05
1051,1051,176.23,55.66
1052,1052,175.59,59.15
1053,1053,173.85,53.95
1054,1054,168.52,60.62
1055,1055,177.88,58.25
1056,1056,178.22,62.98
1057,1057,173.19,45.88
1058,1058,178.11,63.85
1059,1059,173.81,60.98
1060,1060,168.76,58.87
1061,1061,182.19,63
1062,1062,179.64,61.25
1063,1063,172.95,58.75
1064,1064,178.13,58.5
1065,1065,167.78,58.44
1066,1066,177.22,51.07
1067,1067,173.12,57.13
1068,1068,177.58,53.62
1069,1069,165.98,55.71
1070,1070,173.62,59.06
1071,1071,163.84,51.74
1072,1072,172.61,52.45
1073,1073,174.18,62.49
1074,1074,173.03,50.85
1075,1075,174.69,62.17
1076,1076,172.53,56.6
1077,1077,175.64,61.2
1078,1078,160.54,51.83
1079,1079,175.88,55.35
1080,1080,167.35,58.61
1081,1081,172.34,58.86
1082,1082,166.56,63.63
1083,1083,169.44,54.77
1084,1084,175.7,58.51
1085,1085,175.86,62.12
1086,1086,171.63,65.79
1087,1087,176.54,63.46
1088,1088,179.33,56.23
1089,1089,169.02,61.47
1090,1090,175.55,57.87
1091,1091,177.68,65.25
1092,1092,171.97,59.77
1093,1093,175.74,61.39
1094,1094,172.22,68.57
1095,1095,171.77,56.49
1096,1096,178.74,61.28
1097,1097,180.41,61.85
1098,1098,177.41,62.46
1099,1099,170.4,51.74
1100,1100,174.3,64.14
1101,1101,163.51,50.33
1102,1102,167.48,57.25
1103,1103,165.72,60.2
1104,1104,179.11,65.59
1105,1105,169.19,49.1
1106,1106,170.52,56.23
1107,1107,169.61,58.64
1108,1108,171.94,59.49
1109,1109,172.28,50.57
1110,1110,169.25,50.57
1111,1111,171.76,63.56
1112,1112,176.96,56.86
1113,1113,163.93,51.64
1114,1114,172.77,53.09
1115,1115,168.62,62.66
1116,1116,178.28,55.43
1117,1117,164.2,60.22
1118,1118,171.42,56.19
1119,1119,182.93,65.3
1120,1120,169.2,52.3
1121,1121,167.18,52.78
1122,1122,180.75,63.25
1123,1123,174.04,60.36
1124,1124,165,54.37
1125,1125,169.88,55.77
1126,1126,178.7,60.18
1127,1127,172,54.78
1128,1128,167.72,58.79
1129,1129,175.22,62.02
1130,1130,174.25,59.4
1131,1131,169.78,60.47
1132,1132,172.81,61.78
1133,1133,164.58,59.55
1134,1134,179.2,57.17
1135,1135,173.44,52.12
1136,1136,174.69,59.03
1137,1137,170.42,59.66
1138,1138,178.16,61.45
1139,1139,166.29,54.5
1140,1140,175.32,58.5
1141,1141,162.78,54.45
1142,1142,171.65,59.87
1143,1143,175.75,59.85
1144,1144,163.79,54.13
1145,1145,174.65,61.95
1146,1146,173.87,66.95
1147,1147,168.76,65.96
1148,1148,178.25,56.61
1149,1149,170.53,57.94
1150,1150,169.97,57.04
1151,1151,174.33,49.69
1152,1152,170.07,48.82
1153,1153,177.73,60.75
1154,1154,169.99,61.11
1155,1155,174.66,63.26
1156,1156,171.21,57.54
1157,1157,167,61.05
1158,1158,167.34,45.29
1159,1159,169.61,58.64
1160,1160,170.08,58.6
1161,1161,161.2,46.96
1162,1162,173.61,52.43
1163,1163,163.66,47.51
1164,1164,161.35,59.35
1165,1165,169.83,58.47
1166,1166,166.46,46.45
1167,1167,182.43,60.35
1168,1168,174.92,66.27
1169,1169,179.81,63.79
1170,1170,175.31,60.01
1171,1171,171.08,53.84
1172,1172,168.48,60.45
1173,1173,172.11,61.1
1174,1174,174.37,58.74
1175,1175,173.2,61.94
1176,1176,181.71,60.7
1177,1177,174.22,58.04
1178,1178,181.2,59
1179,1179,170.66,59.02
1180,1180,171.96,58.13
1181,1181,162.89,60.72
1182,1182,177.55,63.68
1183,1183,169.47,52.18
1184,1184,176.16,61.54
1185,1185,177.06,64.71
1186,1186,172.05,64.82
1187,1187,173.15,52.07
1188,1188,182.75,67.69
1189,1189,171.13,59.82
1190,1190,165.96,57.54
1191,1191,166.72,46.82
1192,1192,175.05,56.77
1193,1193,166.23,59.18
1194,1194,173.02,56.34
1195,1195,176.59,63.69
1196,1196,176.28,56.28
1197,1197,177.82,60.23
1198,1198,174.24,58.98
1199,1199,164.5,48.3
1200,1200,171.52,49.37
1201,1201,169.47,49.81
1202,1202,172.59,56.34
1203,1203,175.51,59.57
1204,1204,177.92,62.25
1205,1205,172.52,52.56
1206,1206,172.7,53.41
1207,1207,175.06,52.88
1208,1208,169.55,52.3
1209,1209,172.9,58.88
1210,1210,174.65,67.46
1211,1211,180.16,57.12
1212,1212,173.48,52.32
1213,1213,173.72,63.97
1214,1214,173.94,58.82
1215,1215,176.46,62.09
1216,1216,168.48,55.83
1217,1217,169.89,53.44
1218,1218,165.61,46.43
1219,1219,173.67,59.18
1220,1220,170.45,65.51
1221,1221,175.44,54.49
1222,1222,180.74,65.37
1223,1223,175.09,52.04
1224,1224,172.99,64.11
1225,1225,163.72,51.96
1226,1226,167.56,55.11
1227,1227,174.58,54.05
1228,1228,179.16,61.25
1229,1229,171.21,52.52
1230,1230,167.93,55.82
1231,1231,176.46,60.28
1232,1232,180.23,61.76
1233,1233,166.54,56.24
1234,1234,166.35,52.68
1235,1235,174.99,60.32
1236,1236,171.7,62.49
1237,1237,168.08,60.39
1238,1238,174.51,51.74
1239,1239,166.31,62.36
1240,1240,172.02,59.59
1241,1241,177.86,62.16
1242,1242,177.09,61.22
1243,1243,172.49,51.61
1244,1244,166.66,60.06
1245,1245,181.37,60.51
1246,1246,168.35,48.37
1247,1247,166.85,51.76
1248,1248,169.82,57.3
1249,1249,173.3,57.4
1250,1250,167.95,50.24
1251,1251,181.17,59.96
1252,1252,178.33,60.57
1253,1253,180.43,65.24
1254,1254,173.19,58.85
1255,1255,175.24,48.28
1256,1256,172.61,55.24
1257,1257,176.53,53.53
1258,1258,170.5,48.32
1259,1259,172.1,58.19
1260,1260,171.91,57.74
1261,1261,164.39,46.63
1262,1262,177.11,57.91
1263,1263,174,63.32
1264,1264,179.23,60.38
1265,1265,169.13,54.49
1266,1266,162.06,46.39
1267,1267,168.63,60.8
1268,1268,169.65,55.03
1269,1269,170.15,49.04
1270,1270,184.45,66.07
1271,1271,172.23,52.06
1272,1272,174.34,56.48
1273,1273,167.18,51.47
1274,1274,169.1,57.2
1275,1275,168.66,56.19
1276,1276,169.57,54.61
1277,1277,175.32,56.36
1278,1278,178.43,58.97
1279,1279,178.27,62.18
1280,1280,171.79,57.49
1281,1281,168.75,53.58
1282,1282,171.46,54.22
1283,1283,173.22,60.85
1284,1284,168.46,54.38
1285,1285,178.66,63.54
1286,1286,172.66,63.15
1287,1287,167.83,47.61
1288,1288,172.72,63.57
1289,1289,166.33,63.32
1290,1290,170.17,53.68
1291,1291,177.53,55.19
1292,1292,172.8,59.05
1293,1293,177.83,62.61
1294,1294,169.96,54.35
1295,1295,181.43,64.11
1296,1296,163.64,58.02
1297,1297,174.33,55.57
1298,1298,178.18,61.42
1299,1299,168.68,46.75
1300,1300,165.79,55.69
1301,1301,170.25,54.06
1302,1302,168.49,63.23
1303,1303,177.94,56.22
1304,1304,181.59,60.04
1305,1305,170.48,52.58
1306,1306,174.24,59.41
1307,1307,169.47,56.57
1308,1308,173.56,56.05
1309,1309,168.98,53.91
1310,1310,177.31,61.36
1311,1311,178.28,63.26
1312,1312,171.97,54.52
1313,1313,169.51,51.21
1314,1314,173.67,52.39
1315,1315,173.08,58.27
1316,1316,173.42,55.57
1317,1317,175.71,58.62
1318,1318,168.86,58.37
1319,1319,168.34,60.29
1320,1320,172.22,58.95
1321,1321,184.57,62.93
1322,1322,179.38,62.93
1323,1323,171.33,47.98
1324,1324,174.04,61.35
1325,1325,183.03,66.73
1326,1326,164.38,49.27
1327,1327,168.89,58.42
1328,1328,182.66,66.95
1329,1329,173.68,58.24
1330,1330,176.38,57.73
1331,1331,166.82,58.4
1332,1332,172.67,55.88
1333,1333,173.2,55.29
1334,1334,171.94,55.04
1335,1335,169.82,56.34
1336,1336,174,59.14
1337,1337,168.83,53.35
1338,1338,179.16,66.66
1339,1339,174.25,58.28
1340,1340,170.53,52.41
1341,1341,162.12,47.16
1342,1342,171.18,55.47
1343,1343,181.14,56.45
1344,1344,172.67,45.49
1345,1345,172.22,59.71
1346,1346,180.48,61.05
1347,1347,179.52,67.29
1348,1348,176.41,68.56
1349,1349,172.1,55
1350,1350,168.6,60.12
1351,1351,169.95,53.51
1352,1352,171.09,54.55
1353,1353,177.89,64.07
1354,1354,173.84,58.58
1355,1355,174.92,67.3
1356,1356,168.7,50.88
1357,1357,174.2,58.93
1358,1358,175.3,55.8
1359,1359,162.88,45.01
1360,1360,184.37,63.03
1361,1361,176.63,59.79
1362,1362,176.08,57.85
1363,1363,170.84,61.99
1364,1364,174.77,57.3
1365,1365,167.22,50.37
1366,1366,175.63,58.22
1367,1367,169.58,55.78
1368,1368,173,64.04
1369,1369,168.98,57.54
1370,1370,169.48,53.48
1371,1371,169.34,52.26
1372,1372,167.99,62.03
1373,1373,172.83,57.34
1374,1374,171.12,58.53
1375,1375,173.68,64.4
1376,1376,174.35,61.87
1377,1377,170.35,55.25
1378,1378,176,66.55
1379,1379,177.74,64.62
1380,1380,173.65,63.52
1381,1381,173.25,49.76
1382,1382,171.06,61.11
1383,1383,167.42,57.81
1384,1384,171.14,49.36
1385,1385,179.77,62.71
1386,1386,185.03,68.61
1387,1387,164.99,58.89
1388,1388,174.43,51.23
1389,1389,174.59,58.5
1390,1390,171.03,60.34
1391,1391,169.39,56.56
1392,1392,167.26,55.03
1393,1393,179.87,62.45
1394,1394,165.34,57
1395,1395,179.37,61.3
1396,1396,172.62,48.65
1397,1397,179.55,65.32
1398,1398,168.51,45.57
1399,1399,182.83,58.97
1400,1400,178.24,63.83
1401,1401,179.4,65.08
1402,1402,176.85,59.08
1403,1403,165.54,56.12
1404,1404,175.5,69.8
1405,1405,182.42,62.29
1406,1406,174.4,64.24
1407,1407,170.63,57.46
1408,1408,172.73,59.78
1409,1409,179.76,54.8
1410,1410,174.82,54.26
1411,1411,177.92,57.87
1412,1412,175.14,60.81
1413,1413,163.61,49.16
1414,1414,162.12,56.65
1415,1415,173.62,55.73
1416,1416,175.91,58.84
1417,1417,176.18,68.82
1418,1418,179.63,61.47
1419,1419,171.68,57.62
1420,1420,180.31,62.46
1421,1421,172.06,56.39
1422,1422,180.61,70.03
1423,1423,182.78,60.73
1424,1424,166.98,53.21
1425,1425,166.73,58.14
1426,1426,173.66,53.5
1427,1427,179.09,57.9
1428,1428,168.74,58.85
1429,1429,169.17,59.49
1430,1430,172.81,58.05
1431,1431,177.38,55.64
1432,1432,173.28,65.04
1433,1433,172.16,48.28
1434,1434,170.66,56.6
1435,1435,168.07,51.5
1436,1436,167.6,47.79
1437,1437,178.75,56.8
1438,1438,170.14,54.37
1439,1439,175.44,61.18
1440,1440,163.57,50.76
1441,1441,178.56,57.37
1442,1442,173.91,57.41
1443,1443,172.91,62.82
1444,1444,176.92,64.94
1445,1445,172.34,56.48
1446,1446,174.78,54
1447,1447,174.96,58.67
1448,1448,181.08,63.97
1449,1449,164.94,56.59
1450,1450,163.57,53.32
1451,1451,171.73,58.04
1452,1452,166.03,56.85
1453,1453,174.17,63.38
1454,1454,176.86,60.05
1455,1455,164.24,58.67
1456,1456,180.8,63.14
1457,1457,166.87,55.14
1458,1458,167.78,55.61
1459,1459,170.31,53.18
1460,1460,173.8,61.57
1461,1461,174.1,56.1
1462,1462,167.52,46.59
1463,1463,170.06,54.06
1464,1464,164.89,47.31
1465,1465,169.15,58.54
1466,1466,173.17,62.62
1467,1467,176.72,62.81
1468,1468,182.01,59.08
1469,1469,165.27,56.37
1470,1470,169.81,57.94
1471,1471,172.32,56.75
1472,1472,175.84,54.89
1473,1473,177.17,58.05
1474,1474,171.42,55.04
1475,1475,173.04,58.61
1476,1476,174,57.75
1477,1477,171.45,51.25
1478,1478,174.84,60.06
1479,1479,166.14,50.09
1480,1480,173.51,63.05
1481,1481,174.71,58.33
1482,1482,166.12,60.24
1483,1483,169.56,56.63
1484,1484,179.45,69.27
1485,1485,180.28,54.91
1486,1486,169.57,57.73
1487,1487,168.32,54.48
1488,1488,171.05,57.76
1489,1489,171.17,50.29
1490,1490,180.45,69.56
1491,1491,161.9,50.26
1492,1492,169.98,54.86
1493,1493,167.26,55.95
1494,1494,170.27,52.71
1495,1495,172.54,61.13
1496,1496,169.49,51.57
1497,1497,168.52,51.21
1498,1498,168.99,57.79
1499,1499,174.27,56.69
1500,1500,167.92,52.3
1501,1501,170.21,62.94
1502,1502,178.96,60.38
1503,1503,165.93,59.12
1504,1504,170.9,51.76
1505,1505,178.75,62.34
1506,1506,172.84,51.88
1507,1507,178.74,63.19
1508,1508,173.69,56.49
1509,1509,172.18,58.91
1510,1510,177.24,64.23
1511,1511,176.77,56.83
1512,1512,172.67,53.99
1513,1513,167.24,48.49
1514,1514,170.16,56.79
1515,1515,161.41,52.44
1516,1516,181.63,58.35
1517,1517,177.65,58.61
1518,1518,180.87,65.98
1519,1519,181.77,55.99
1520,1520,165.89,56.46
1521,1521,165.57,55.6
1522,1522,165.74,54.49
1523,1523,171.36,58.27
1524,1524,170.88,50.52
1525,1525,165.03,53.34
1526,1526,164.1,49.59
1527,1527,177.13,60.22
1528,1528,172.15,56.26
1529,1529,176.04,61.97
1530,1530,181.31,64.87
1531,1531,166.65,53.14
1532,1532,168.23,59.26
1533,1533,168.99,62.26
1534,1534,171.49,58.42
1535,1535,172.02,51.93
1536,1536,174.17,62.73
1537,1537,168.24,55.81
1538,1538,172.09,55.26
1539,1539,173.44,67.67
1540,1540,173.74,62.16
1541,1541,167.88,62.82
1542,1542,177.89,53.83
1543,1543,166.29,52.88
1544,1544,168.83,59.6
1545,1545,172.35,58.7
1546,1546,178.73,59.57
1547,1547,172.96,56.71
1548,1548,177.96,59.73
1549,1549,171.85,54.83
1550,1550,175.48,55.21
1551,1551,173.76,67
1552,1552,175.59,59.18
1553,1553,172.65,63.41
1554,1554,171.78,57.37
1555,1555,169.68,52.91
1556,1556,174.18,59.99
1557,1557,171.33,59.18
1558,1558,174.34,60.08
1559,1559,167.45,56.4
1560,1560,179.57,58.73
1561,1561,172.96,59.48
1562,1562,176.54,54.99
1563,1563,170.28,52.93
1564,1564,175.38,64.98
1565,1565,179.48,63.47
1566,1566,172.58,57.6
1567,1567,174.02,52.73
1568,1568,174.78,65.95
1569,1569,170.56,61.64
1570,1570,173.59,57.18
1571,1571,171.16,59.34
1572,1572,164.81,59.66
1573,1573,166.46,56.71
1574,1574,176.26,66.61
1575,1575,168.83,49.54
1576,1576,160.67,54.7
1577,1577,171.74,50.95
1578,1578,177.5,62.72
1579,1579,178.2,61.93
1580,1580,179.35,61.61
1581,1581,181.32,67.37
1582,1582,169.01,54.56
1583,1583,180.49,60.5
1584,1584,171.8,63.44
1585,1585,162.16,58.44
1586,1586,169.65,54.85
1587,1587,174.27,56.93
1588,1588,178.84,53.3
1589,1589,165.62,60.68
1590,1590,175.48,55.25
1591,1591,173.47,61.33
1592,1592,167.23,50.57
1593,1593,170.65,53.14
1594,1594,172.4,59.68
1595,1595,171.49,59.05
1596,1596,172.69,56.51
1597,1597,178.66,57.78
1598,1598,170.94,53.71
1599,1599,167.53,53.79
1600,1600,165.82,53.11
1601,1601,182.53,57.75
1602,1602,170.99,58.42
1603,1603,174.05,66.91
1604,1604,177.16,59.87
1605,1605,167.03,58.74
1606,1606,170.84,64.59
1607,1607,171.68,55.81
1608,1608,166.49,51.92
1609,1609,179.27,60.78
1610,1610,164.94,58.62
1611,1611,177.44,60.29
1612,1612,179.88,58.92
1613,1613,173.48,63.1
1614,1614,171.57,59.59
1615,1615,182.62,61.3
1616,1616,174.8,59.15
1617,1617,174.19,65.64
1618,1618,167.68,55.21
1619,1619,170.83,50.12
1620,1620,179.21,67.99
1621,1621,168.39,56.11
1622,1622,174.17,58.18
1623,1623,174.26,56.71
1624,1624,172.71,58.77
1625,1625,167.97,56.95
1626,1626,168.69,59.8
1627,1627,173.8,63.44
1628,1628,169.69,51.7
1629,1629,172.02,52.61
1630,1630,180.32,53.32
1631,1631,171.6,59.47
1632,1632,175.58,51.47
1633,1633,172.66,65.58
1634,1634,168.4,64.15
1635,1635,176.05,63.43
1636,1636,166.71,49.12
1637,1637,168.21,53.11
1638,1638,169.53,57.43
1639,1639,176.94,61.19
1640,1640,173.27,59.8
1641,1641,175.98,49.47
1642,1642,176.89,57.92
1643,1643,181.56,55.3
1644,1644,176.21,62.37
1645,1645,165.58,57.8
1646,1646,162.62,50.55
1647,1647,169.13,54.99
1648,1648,167.17,62.9
1649,1649,167.9,52.78
1650,1650,174.15,62.26
1651,1651,172.45,55.26
1652,1652,181.42,52.92
1653,1653,167.61,57.1
1654,1654,180.23,51.97
1655,1655,163.51,57.42
1656,1656,177.21,59.5
1657,1657,168.83,53.95
1658,1658,172.11,62.45
1659,1659,180.79,58.7
1660,1660,170.98,58.03
1661,1661,178.36,62.27
1662,1662,176,58.72
1663,1663,168.55,60.47
1664,1664,175.96,56.53
1665,1665,168.6,51.62
1666,1666,160.63,52.93
1667,1667,175.72,62.85
1668,1668,175.55,56.83
1669,1669,171.4,59.16
1670,1670,177.17,60.82
1671,1671,176.84,64.99
1672,1672,167.52,64.44
1673,1673,174.98,63.35
1674,1674,170.79,60.02
1675,1675,172.05,62.76
1676,1676,174.56,55.77
1677,1677,165.61,60.11
1678,1678,168.37,48.3
1679,1679,172.77,61.15
1680,1680,169.91,59.31
1681,1681,172.21,55.49
1682,1682,169.3,61.64
1683,1683,177.22,54.15
1684,1684,173.8,53.34
1685,1685,166.51,52.35
1686,1686,173.6,47.43
1687,1687,168.3,56.02
1688,1688,168.67,62.75
1689,1689,174.36,59.9
1690,1690,174.51,53.13
1691,1691,172.8,64.19
1692,1692,168.29,58.72
1693,1693,170.35,54.65
1694,1694,167.14,54.98
1695,1695,172.85,60.37
1696,1696,171.52,57.94
1697,1697,168.55,55.9
1698,1698,180.01,62.05
1699,1699,173.47,51.7
1700,1700,170.27,53.49
1701,1701,180.12,55.2
1702,1702,174.69,65.92
1703,1703,174.77,58.43
1704,1704,169.69,50.04
1705,1705,165.17,57.49
1706,1706,182.46,63.92
1707,1707,171.22,62.6
1708,1708,174.91,60.08
1709,1709,168.65,57.62
1710,1710,172.47,66.25
1711,1711,175.36,64.17
1712,1712,168.31,57.31
1713,1713,173.9,55.06
1714,1714,169.88,52.82
1715,1715,181.26,62.98
1716,1716,167.8,52.64
1717,1717,169.29,52.43
1718,1718,171.02,52.92
1719,1719,173.24,62.81
1720,1720,176.78,49.16
1721,1721,171.47,60.55
1722,1722,172.73,58.03
1723,1723,176.57,58.29
1724,1724,172.73,52.3
1725,1725,171.69,56.63
1726,1726,177.27,61.83
1727,1727,183.81,55.23
1728,1728,173.06,57.48
1729,1729,172.31,54.34
1730,1730,174.95,64.45
1731,1731,167.74,58.88
1732,1732,167.17,59.42
1733,1733,175.84,58.37
1734,1734,164.4,50.71
1735,1735,173.95,59.97
1736,1736,173.43,60.83
1737,1737,166.39,57.84
1738,1738,169.5,51.89
1739,1739,175.77,62.58
1740,1740,181.47,63.58
1741,1741,178.03,57.04
1742,1742,176.97,60.9
1743,1743,182.08,61.91
1744,1744,180.59,55.96
1745,1745,171.84,59.05
1746,1746,178.84,67.88
1747,1747,173.57,52.35
1748,1748,164.4,49.68
1749,1749,164.09,49.32
1750,1750,169.99,50.91
1751,1751,173.9,58.9
1752,1752,170.68,61.97
1753,1753,172.18,50.37
1754,1754,169.36,54.05
1755,1755,171.16,54.42
1756,1756,172.72,56.21
1757,1757,165.8,53.38
1758,1758,175.62,64.4
1759,1759,171.35,55.42
1760,1760,174.94,52.42
1761,1761,172.78,61.87
1762,1762,178.66,54.63
1763,1763,172.86,54.93
1764,1764,169.24,60.52
1765,1765,168.24,57.78
1766,1766,179.54,63.02
1767,1767,172.53,63.6
1768,1768,172.68,56.33
1769,1769,172.31,62.05
1770,1770,180.02,62.05
1771,1771,174.43,58.89
1772,1772,166.71,51.47
1773,1773,170.14,57.81
1774,1774,176.27,53.44
1775,1775,172.66,57.64
1776,1776,175.32,56.1
1777,1777,165.26,54.93
1778,1778,174.43,53.7
1779,1779,171.63,52.28
1780,1780,169.85,59.46
1781,1781,168.73,49.98
1782,1782,173.79,58.53
1783,1783,177.38,63.82
1784,1784,168.62,54.86
1785,1785,176.99,60.9
1786,1786,167.9,52.66
1787,1787,167.2,53.36
1788,1788,174.53,57.28
1789,1789,181.32,62.11
1790,1790,177.12,68.94
1791,1791,173.67,58.26
1792,1792,165.24,51.63
1793,1793,163.53,48
1794,1794,175.83,60.84
1795,1795,169.36,60
1796,1796,175.66,60.87
1797,1797,171.53,66.54
1798,1798,179.61,59.47
1799,1799,175.43,60.23
1800,1800,168.57,63.63
1801,1801,177.15,65.61
1802,1802,177.09,58.56
1803,1803,170.19,62.53
1804,1804,173.73,56.89
1805,1805,166.93,58.65
1806,1806,178.85,58.65
1807,1807,167.85,47.65
1808,1808,168.51,56.75
1809,1809,165.74,58.09
1810,1810,171.54,55.87
1811,1811,173.25,50.22
1812,1812,171.24,51.85
1813,1813,177.36,62.17
1814,1814,168.41,57.02
1815,1815,175.42,63.8
1816,1816,176.9,59.46
1817,1817,179.72,63.47
1818,1818,171.49,62.9
1819,1819,171.47,53.17
1820,1820,170.95,49.83
1821,1821,172.13,58.62
1822,1822,178.13,61.23
1823,1823,168.35,48.99
1824,1824,184.1,66.28
1825,1825,170.01,57.83
1826,1826,170.8,60.48
1827,1827,176.02,56.55
1828,1828,182.08,55.91
1829,1829,177.02,56.7
1830,1830,173.3,52.78
1831,1831,179.76,56.43
1832,1832,176.88,60.18
1833,1833,171.51,56.27
1834,1834,178.48,62.34
1835,1835,171.01,50.84
1836,1836,167.2,53.42
1837,1837,170.89,48.53
1838,1838,173.93,57.92
1839,1839,168.06,54.17
1840,1840,180.66,58.78
1841,1841,171.48,57.2
1842,1842,172.68,54.67
1843,1843,179.74,66.7
1844,1844,173.07,56.09
1845,1845,177.07,56.58
1846,1846,175.97,58.55
1847,1847,172.01,60.35
1848,1848,181.25,61.15
1849,1849,165.13,52.3
1850,1850,169.09,51.74
1851,1851,168.18,57.28
1852,1852,173.8,55.05
1853,1853,173.38,62.21
1854,1854,182.02,58.96
1855,1855,179.67,67.65
1856,1856,174.79,59.71
1857,1857,172.23,56.41
1858,1858,170.89,56.21
1859,1859,178.27,61.53
1860,1860,178.08,55
1861,1861,171.59,59.5
1862,1862,165.6,61.21
1863,1863,180.59,64
1864,1864,161.09,48.21
1865,1865,177.48,63.49
1866,1866,170.88,63.42
1867,1867,168.12,56.55
1868,1868,166.92,61.12
1869,1869,172.96,61.65
1870,1870,175.57,60.52
1871,1871,176.4,51.74
1872,1872,170.43,65.43
1873,1873,174.01,57.79
1874,1874,173.08,51.88
1875,1875,169,53.9
1876,1876,170.96,53.84
1877,1877,168.82,51.84
1878,1878,173.31,53.06
1879,1879,177.96,63.13
1880,1880,175.94,64.22
1881,1881,178.19,53.14
1882,1882,167.84,62.02
1883,1883,175.15,59.3
1884,1884,169.59,56.36
1885,1885,177.32,63.9
1886,1886,172.55,56.77
1887,1887,176.4,68.58
1888,1888,180.7,53.53
1889,1889,169.79,51.84
1890,1890,172.1,53.72
1891,1891,179.91,58.49
1892,1892,175.81,57.35
1893,1893,173.24,60.27
1894,1894,171,60.25
1895,1895,171.36,59.13
1896,1896,171.98,50.03
1897,1897,174.21,59.62
1898,1898,178.26,64.72
1899,1899,177.42,62.07
1900,1900,174.81,64.3
1901,1901,174.2,56.07
1902,1902,168.08,55.17
1903,1903,173.47,51.09
1904,1904,167.68,54.82
1905,1905,178.89,56.4
1906,1906,167.51,56.73
1907,1907,170.9,54.9
1908,1908,178.4,63.5
1909,1909,168.59,61.84
1910,1910,166.93,56.29
1911,1911,184.63,68.01
1912,1912,166.44,48.83
1913,1913,174.54,58.38
1914,1914,176.13,60.35
1915,1915,171.15,56.97
1916,1916,172.85,59.29
1917,1917,177.46,68.67
1918,1918,163.87,52.08
1919,1919,175.78,63.24
1920,1920,172.68,57.88
1921,1921,178.18,63.13
1922,1922,179.07,59.3
1923,1923,169.84,61.13
1924,1924,174.37,47.43
1925,1925,172.5,51.39
1926,1926,175.88,52.71
1927,1927,163.78,49.63
1928,1928,181.98,57.5
1929,1929,177.92,66.54
1930,1930,173.03,57.44
1931,1931,165.69,55.42
1932,1932,173.41,57.93
1933,1933,168.09,56.58
1934,1934,167.21,55.73
1935,1935,166.7,48.67
1936,1936,180.16,50.58
1937,1937,176,59.17
1938,1938,177.59,60.14
1939,1939,184.74,57.05
1940,1940,173.86,51.23
1941,1941,168.89,55.78
1942,1942,183.43,55.58
1943,1943,176.62,63.04
1944,1944,164.59,55.52
1945,1945,171.15,57.49
1946,1946,171.84,59.66
1947,1947,177.83,65.54
1948,1948,167.79,60.4
1949,1949,165.63,49.74
1950,1950,173.72,60.23
1951,1951,162.54,56.02
1952,1952,178.61,54.37
1953,1953,178.19,55.78
1954,1954,172.76,55.61
1955,1955,172.87,57
1956,1956,170.14,53.11
1957,1957,174.77,64.68
1958,1958,178.56,51.89
1959,1959,166.83,50.36
1960,1960,175.96,64.19
1961,1961,182.09,57.34
1962,1962,170.61,67.17
1963,1963,175.88,60.11
1964,1964,174.59,57.45
1965,1965,175.28,56.84
1966,1966,174.48,58.95
1967,1967,174.09,55.84
1968,1968,171.92,58.88
1969,1969,176.8,62.82
1970,1970,175.04,59.21
1971,1971,168.08,51.36
1972,1972,171.35,63.28
1973,1973,185,67.41
1974,1974,172.79,56.06
1975,1975,174.03,60.02
1976,1976,180.05,59.48
1977,1977,165.86,52.78
1978,1978,167.04,49.43
1979,1979,166.27,58.59
1980,1980,167.62,51.93
1981,1981,166.57,61.67
1982,1982,177.05,65.5
1983,1983,168.14,48.91
1984,1984,173.31,55.3
1985,1985,167.59,55.87
1986,1986,181.02,60.53
1987,1987,175.09,67.4
1988,1988,171.11,54.49
1989,1989,178.11,49.97
1990,1990,174.88,62.34
1991,1991,171.76,60.01
1992,1992,170.53,61.8
1993,1993,178.79,62.18
1994,1994,174.45,61.09
1995,1995,169.99,53.84
1996,1996,177.48,65.25
1997,1997,172.57,58.22
1998,1998,173.98,57.07
1999,1999,176.42,54.85
2000,2000,172.03,56.8
2001,2001,177.43,64.05
2002,2002,169.24,63.94
2003,2003,168.56,52.94
2004,2004,173.3,59.42
2005,2005,173.75,60.97
2006,2006,173.85,60.31
2007,2007,180.19,62.39
2008,2008,176.93,59
2009,2009,165.27,49.64
2010,2010,182.41,64.72
2011,2011,167.45,46.03
2012,2012,168.96,50.9
2013,2013,179.14,59.38
2014,2014,168.28,59.36
2015,2015,164.41,50.53
2016,2016,162.05,50.21
2017,2017,166.07,57.74
2018,2018,166.56,48.79
2019,2019,169.1,52.15
2020,2020,170.91,50.79
2021,2021,168,58.02
2022,2022,167.94,54.12
2023,2023,171.91,56.44
2024,2024,174.62,57.09
2025,2025,169.14,50.46
2026,2026,165.15,57.86
2027,2027,175.98,56.54
2028,2028,170.67,55.71
2029,2029,177.33,53.32
2030,2030,169.05,54.69
2031,2031,168.01,54.96
2032,2032,177.62,66.41
2033,2033,169.42,57.08
2034,2034,171.91,58.05
2035,2035,172.41,58.68
2036,2036,171.84,55.05
2037,2037,175.31,57.94
2038,2038,179.28,57.6
2039,2039,180.08,63.79
2040,2040,174.04,63.49
2041,2041,169.21,60.15
2042,2042,167.82,52.55
2043,2043,173.11,54.94
2044,2044,185.16,66.83
2045,2045,177.55,62.91
2046,2046,168.92,54.75
2047,2047,175.95,57
2048,2048,179.16,61.33
2049,2049,165.42,48.75
2050,2050,178.67,55.71
2051,2051,175.59,59.67
2052,2052,165.64,49.98
2053,2053,170.4,45.41
2054,2054,164.23,48.28
2055,2055,168.35,54.91
2056,2056,181.11,59.14
2057,2057,169.96,60.08
2058,2058,179.94,60.07
2059,2059,169.31,53.38
2060,2060,168.76,56.71
2061,2061,169.18,56.79
2062,2062,168.63,53.21
2063,2063,169.81,59.26
2064,2064,174.01,58.13
2065,2065,161.16,53.64
2066,2066,171.57,58.65
2067,2067,166.15,52.88
2068,2068,169.97,66.52
2069,2069,171.7,54.46
2070,2070,170.32,61.73
2071,2071,172.72,58.97
2072,2072,178.66,61.08
2073,2073,175.52,57.2
2074,2074,173.04,64.63
2075,2075,171.58,54.94
2076,2076,174.71,50.37
2077,2077,169.23,59.08
2078,2078,172.43,62.89
2079,2079,172.09,56.67
2080,2080,173.55,64.16
2081,2081,180.47,67.85
2082,2082,173.02,53.74
2083,2083,168.76,54.1
2084,2084,181.5,61.11
2085,2085,174.26,60.32
2086,2086,179.9,66.72
2087,2087,174.98,53.31
2088,2088,170.57,55.65
2089,2089,174.66,56.98
2090,2090,179.15,64.89
2091,2091,168.86,57.63
2092,2092,172.57,51.52
2093,2093,174.74,59.31
2094,2094,177.69,58.67
2095,2095,169.05,56.84
2096,2096,165.48,47.73
2097,2097,178.82,59.09
2098,2098,173.53,68.88
2099,2099,166.65,65.21
2100,2100,179.42,61.7
2101,2101,165.31,53.19
2102,2102,163.37,51.9
2103,2103,167.77,52.14
2104,2104,171.09,55.2
2105,2105,178.15,68.04
2106,2106,171.44,55.34
2107,2107,170.47,52.36
2108,2108,170.89,60.39
2109,2109,169.05,64.07
2110,2110,173.07,59.25
2111,2111,174.09,64.85
2112,2112,174.06,62.53
2113,2113,179.76,54.79
2114,2114,169.49,47.36
2115,2115,168.42,54.5
2116,2116,168.06,52.89
2117,2117,166.44,57.81
2118,2118,180.38,58.33
2119,2119,162.75,59.85
2120,2120,170.38,61.72
2121,2121,169.98,51.75
2122,2122,162.36,53.35
2123,2123,169.59,55.16
2124,2124,170.97,53.21
2125,2125,170.04,62.39
2126,2126,177.74,60.35
2127,2127,168.7,51.71
2128,2128,176.43,62.01
2129,2129,168.84,56.82
2130,2130,171.96,55.04
2131,2131,174.26,55.88
2132,2132,169.73,48.83
2133,2133,168.44,53.08
2134,2134,175.54,57.22
2135,2135,167.5,52.24
2136,2136,177.45,65.12
2137,2137,163.97,51.3
2138,2138,166.53,59.69
2139,2139,165.3,57
2140,2140,168.41,52.5
2141,2141,174.33,62.99
2142,2142,171.18,55.15
2143,2143,169.5,63.93
2144,2144,166.57,57.97
2145,2145,172.66,59.86
2146,2146,168.31,58.63
2147,2147,166.77,53.81
2148,2148,168.45,47.89
2149,2149,165.48,56.55
2150,2150,170.35,64.24
2151,2151,172.91,55.73
2152,2152,174.58,53.59
2153,2153,168.93,55.78
2154,2154,181.24,56.66
2155,2155,171.12,53.47
2156,2156,168.99,60.89
2157,2157,171.31,60.06
2158,2158,176.22,56.01
2159,2159,173.93,61.94
2160,2160,169.72,59.09
2161,2161,174.31,55.26
2162,2162,179.21,56.57
2163,2163,165.78,50.14
2164,2164,166,49.33
2165,2165,166.72,58.76
2166,2166,176.71,63.53
2167,2167,168.7,62.43
2168,2168,173.37,63.72
2169,2169,179.69,61.86
2170,2170,173.63,54.83
2171,2171,176.89,64.12
2172,2172,166,62.14
2173,2173,182.69,70.91
2174,2174,178.14,62.16
2175,2175,165.52,55.05
2176,2176,176.05,55.29
2177,2177,168.49,59.48
2178,2178,174.38,57.78
2179,2179,178.5,61.3
2180,2180,171.65,58.39
2181,2181,175.76,61.04
2182,2182,176.84,58.87
2183,2183,167.3,57.94
2184,2184,177.61,60.98
2185,2185,173.79,62.77
2186,2186,171.74,65.77
2187,2187,173.05,51.55
2188,2188,164.51,53.76
2189,2189,165.95,58.78
2190,2190,171.82,60.48
2191,2191,175.42,63.37
2192,2192,170.63,53.12
2193,2193,166.87,52.99
2194,2194,174.18,63.94
2195,2195,168.51,62.62
2196,2196,165.82,51
2197,2197,177.63,63.3
2198,2198,165.68,59.17
2199,2199,181.8,64.45
2200,2200,175.54,60.8
2201,2201,174.85,56.02
2202,2202,168.65,53.97
2203,2203,169.41,60.7
2204,2204,164.98,52.38
2205,2205,176.54,61.27
2206,2206,176.37,52.53
2207,2207,170.36,54.95
2208,2208,179.07,60.86
2209,2209,175.74,64.79
2210,2210,171.41,54.29
2211,2211,171.22,56.55
2212,2212,176.37,57.96
2213,2213,162.95,50.84
2214,2214,175.62,62.21
2215,2215,174.99,54.41
2216,2216,168.71,62.08
2217,2217,171.26,56.44
2218,2218,166.72,57.23
2219,2219,178.23,58.13
2220,2220,168.24,59.2
2221,2221,168.89,62.7
2222,2222,165.22,52.88
2223,2223,170.39,53.51
2224,2224,163.42,58.08
2225,2225,163.09,51.26
2226,2226,169.91,51.25
2227,2227,167.11,57.49
2228,2228,174.86,59.52
2229,2229,180.59,64.92
2230,2230,162.28,55.72
2231,2231,173.63,61.96
2232,2232,176.47,63.58
2233,2233,175.33,62.86
2234,2234,178.56,61.36
2235,2235,179.95,61.33
2236,2236,182.54,65.53
2237,2237,176.72,63.35
2238,2238,180.06,61.88
2239,2239,172.58,56.07
2240,2240,171.97,57.94
2241,2241,174.23,67.47
2242,2242,169.96,58.4
2243,2243,173.57,56.87
2244,2244,164.24,63.62
2245,2245,167.77,52.39
2246,2246,178.42,59.21
2247,2247,171.12,53.91
2248,2248,177.69,58.02
2249,2249,179.44,69.32
2250,2250,179.27,57.82
2251,2251,174.91,61.07
2252,2252,174.61,55.06
2253,2253,170.62,58.12
2254,2254,167.08,48.61
2255,2255,171.51,61.73
2256,2256,170.39,67.57
2257,2257,171.94,58.72
2258,2258,164.19,47.95
2259,2259,176.18,51.6
2260,2260,175.81,64.72
2261,2261,171.1,53.98
2262,2262,166.72,53.39
2263,2263,174.66,57.47
2264,2264,173.16,56.6
2265,2265,167.22,47.04
2266,2266,176.04,59.02
2267,2267,179.84,56.09
2268,2268,169.14,62.31
2269,2269,164.27,47.54
2270,2270,182.73,58.56
2271,2271,171.82,54.57
2272,2272,174.58,57.46
2273,2273,170.07,57.61
2274,2274,184.32,58.91
2275,2275,171.12,62.02
2276,2276,177.87,61.6
2277,2277,169.01,50.24
2278,2278,172.08,51.49
2279,2279,171.65,65.55
2280,2280,168.98,60.63
2281,2281,175.65,68.91
2282,2282,175.75,55.63
2283,2283,169.17,53.57
2284,2284,170.36,48.11
2285,2285,176.71,67.3
2286,2286,175.84,45.96
2287,2287,175.94,62.29
2288,2288,171.62,55.77
2289,2289,175.52,64.52
2290,2290,174.1,57.7
2291,2291,179.99,68.53
2292,2292,172.69,56.43
2293,2293,180.44,57.6
2294,2294,169.44,63.54
2295,2295,167.07,51.51
2296,2296,169.66,52.66
2297,2297,167.47,49.63
2298,2298,172.02,59.74
2299,2299,169.48,50.9
2300,2300,169.38,52.29
2301,2301,170.83,54.35
2302,2302,179.15,58.08
2303,2303,177.14,58.29
2304,2304,174.64,52.23
2305,2305,171.74,61.91
2306,2306,183.22,62.42
2307,2307,172.49,57.36
2308,2308,168.12,56.77
2309,2309,182.16,65.43
2310,2310,179.54,62.43
2311,2311,182.57,64.81
2312,2312,172.11,59.72
2313,2313,170.41,55.35
2314,2314,169.67,47.97
2315,2315,161.45,53.82
2316,2316,168.9,63.11
2317,2317,174,56.3
2318,2318,169.77,52.87
2319,2319,179.43,60.89
2320,2320,167.68,53.32
2321,2321,171.06,57.48
2322,2322,170.84,54.81
2323,2323,179.89,63.58
2324,2324,173.57,46.43
2325,2325,176.22,60.05
2326,2326,164.49,54.2
2327,2327,174.5,57.04
2328,2328,176.51,56.87
2329,2329,172.94,55.5
2330,2330,168.59,61.1
2331,2331,169.56,55.04
2332,2332,176.89,55.87
2333,2333,177.24,60.29
2334,2334,176.51,53.89
2335,2335,167.25,45.81
2336,2336,179.61,64.87
2337,2337,173.94,57.41
2338,2338,176.21,63.94
2339,2339,179.13,61.23
2340,2340,174.52,58.39
2341,2341,171.77,49.54
2342,2342,173.58,62.31
2343,2343,173.31,63.03
2344,2344,172.5,59.83
2345,2345,178.62,61.82
2346,2346,168.65,58.23
2347,2347,168.95,60.92
2348,2348,176.82,55.53
2349,2349,171.79,63.46
2350,2350,180.5,63.38
2351,2351,179.38,57.73
2352,2352,171.36,57
2353,2353,167.42,45.86
2354,2354,166.64,52.55
2355,2355,176.53,57.41
2356,2356,176.37,60.5
2357,2357,175.28,52.62
2358,2358,174.21,56.23
2359,2359,170.08,53.78
2360,2360,164,61.37
2361,2361,176.5,60.06
2362,2362,166.77,66.13
2363,2363,169.67,50.79
2364,2364,175.1,61.6
2365,2365,175.02,54.78
2366,2366,173.99,60.12
2367,2367,172.79,61.19
2368,2368,175.8,61.09
2369,2369,173.96,64.23
2370,2370,174.78,68.59
2371,2371,170.3,60.77
2372,2372,174.98,63.11
2373,2373,174.64,60.03
2374,2374,183.72,65.01
2375,2375,168.94,55.21
2376,2376,169.47,55.69
2377,2377,170.7,53.69
2378,2378,178.29,59.76
2379,2379,166.41,55.53
2380,2380,174.85,51.45
2381,2381,170.07,58.89
2382,2382,172.82,56.15
2383,2383,180.37,54.32
2384,2384,175.62,56.6
2385,2385,174.91,59.64
2386,2386,164.14,49.51
2387,2387,173.86,50.27
2388,2388,174.81,55.04
2389,2389,168.7,57.87
2390,2390,174.91,66.85
2391,2391,167.08,67.36
2392,2392,162.11,49.39
2393,2393,172.66,54.18
2394,2394,173.71,56.05
2395,2395,169.03,56.55
2396,2396,180.8,65.23
2397,2397,167.73,61.61
2398,2398,168.13,57.58
2399,2399,167.31,55.11
2400,2400,174.37,58.42
2401,2401,174.75,61.36
2402,2402,168.65,55.75
2403,2403,172.94,54.38
2404,2404,173.23,54.45
2405,2405,164.21,56.54
2406,2406,176.04,60.57
2407,2407,172.45,53.55
2408,2408,168.24,59.73
2409,2409,169.78,51.48
2410,2410,174.68,59.4
2411,2411,174.71,63.88
2412,2412,178.56,58.06
2413,2413,171.92,56.52
2414,2414,176.7,59.74
2415,2415,176.19,56.45
2416,2416,168.83,51.01
2417,2417,181.29,66.34
2418,2418,173.04,57.37
2419,2419,176.51,62.06
2420,2420,165.3,53.54
2421,2421,168.33,65.52
2422,2422,178.47,70.19
2423,2423,171.12,52.98
2424,2424,173.7,63.71
2425,2425,174.46,52.83
2426,2426,169.34,61.89
2427,2427,180.73,59.43
2428,2428,162.21,51.62
2429,2429,175.9,61
2430,2430,170.7,48.76
2431,2431,170.04,48.45
2432,2432,172.71,66.43
2433,2433,170.49,52.08
2434,2434,177.48,59.35
2435,2435,171.08,57.81
2436,2436,181.7,65.74
2437,2437,171.73,60.53
2438,2438,163.15,57.85
2439,2439,166.41,57.3
2440,2440,174.49,49.8
2441,2441,168.21,46.14
2442,2442,176.4,51.8
2443,2443,179.66,56.69
2444,2444,164.55,50.68
2445,2445,162.34,46.44
2446,2446,172.78,58.89
2447,2447,179.03,70.84
2448,2448,173.52,55.59
2449,2449,174.32,56.94
2450,2450,173.03,57.17
2451,2451,171.22,70.33
2452,2452,175.19,64.73