Date,Close
27/4/13,134.21
28/4/13,144.54
29/4/13,139
30/4/13,116.99
1/5/13,105.21
2/5/13,97.75
3/5/13,112.5
4/5/13,115.91
5/5/13,112.3
6/5/13,111.5
7/5/13,113.57
8/5/13,112.67
9/5/13,117.2
10/5/13,115.24
11/5/13,115
12/5/13,117.98
13/5/13,111.5
14/5/13,114.22
15/5/13,118.76
16/5/13,123.02
17/5/13,123.5
18/5/13,121.99
19/5/13,122
20/5/13,122.88
21/5/13,123.89
22/5/13,126.7
23/5/13,133.2
24/5/13,131.98
25/5/13,133.48
26/5/13,129.75
27/5/13,129
28/5/13,132.3
29/5/13,128.8
30/5/13,129
31/5/13,129.3
1/6/13,122.29
2/6/13,122.22
3/6/13,121.42
4/6/13,121.65
5/6/13,118
6/6/13,111.5
7/6/13,108.3
8/6/13,100
9/6/13,106.35
10/6/13,108.9
11/6/13,108.15
12/6/13,104
13/6/13,99.98
14/6/13,99.99
15/6/13,99.51
16/6/13,101.7
17/6/13,107.4
18/6/13,108.25
19/6/13,110.15
20/6/13,109.5
21/6/13,108.3
22/6/13,107.6
23/6/13,102.74
24/6/13,103.95
25/6/13,104
26/6/13,101.44
27/6/13,94.65
28/6/13,94.99
29/6/13,96.61
30/6/13,88.05
1/7/13,90.13
2/7/13,77.53
3/7/13,80.53
4/7/13,68.43
5/7/13,70.28
6/7/13,74.56
7/7/13,76.52
8/7/13,76.69
9/7/13,86.76
10/7/13,88.98
11/7/13,93.59
12/7/13,98.13
13/7/13,94.69
14/7/13,98.4
15/7/13,97.45
16/7/13,98.5
17/7/13,90.58
18/7/13,92.17
19/7/13,89.39
20/7/13,90.76
21/7/13,91.61
22/7/13,95.56
23/7/13,94.51
24/7/13,96.9
25/7/13,96.02
26/7/13,94.12
27/7/13,99.76
28/7/13,101.2
29/7/13,107.99
30/7/13,106.09
31/7/13,104
1/8/13,104.5
2/8/13,104
3/8/13,105.14
4/8/13,106.22
5/8/13,106.75
6/8/13,106.75
7/8/13,103
8/8/13,102.8
9/8/13,103
10/8/13,105
11/8/13,106.64
12/8/13,109
13/8/13,112.56
14/8/13,109.99
15/8/13,108.99
16/8/13,113.5
17/8/13,113.5
18/8/13,119
19/8/13,121.2
20/8/13,123.3
21/8/13,121.15
22/8/13,118.5
23/8/13,120.05
24/8/13,122.11
25/8/13,120.06
26/8/13,126.5
27/8/13,122.62
28/8/13,122.39
29/8/13,133.49
30/8/13,135.35
31/8/13,138.34
1/9/13,135.85
2/9/13,136.77
3/9/13,126.74
4/9/13,126.43
5/9/13,119.15
6/9/13,124.15
7/9/13,121.66
8/9/13,127.11
9/9/13,125.91
10/9/13,135.25
11/9/13,133.13
12/9/13,134.98
13/9/13,129.22
14/9/13,130.37
15/9/13,131.72
16/9/13,131.66
17/9/13,131.47
18/9/13,129.65
19/9/13,127.04
20/9/13,127.43
21/9/13,129.12
22/9/13,125.95
23/9/13,127.25
24/9/13,128.22
25/9/13,128.38
26/9/13,133.78
27/9/13,134.78
28/9/13,137.34
29/9/13,133
30/9/13,132.18
1/10/13,114.13
2/10/13,123.63
3/10/13,129.01
4/10/13,128.55
5/10/13,129
6/10/13,126.94
7/10/13,126
8/10/13,130.69
9/10/13,130.59
10/10/13,130.9
11/10/13,135.19
12/10/13,138.13
13/10/13,140.52
14/10/13,145.24
15/10/13,142.55
16/10/13,146.25
17/10/13,155.96
18/10/13,172.42
19/10/13,174.61
20/10/13,182.21
21/10/13,193.76
22/10/13,213.62
23/10/13,198.23
24/10/13,186.69
25/10/13,177.32
26/10/13,196.44
27/10/13,198.55
28/10/13,204.39
29/10/13,199.97
30/10/13,204
31/10/13,206.18
1/11/13,206.22
2/11/13,215.05
3/11/13,229.1
4/11/13,245.24
5/11/13,262.5
6/11/13,296.41
7/11/13,338.11
8/11/13,339.11
9/11/13,326.62
10/11/13,342.44
11/11/13,360.33
12/11/13,407.37
13/11/13,420.2
14/11/13,417.95
15/11/13,440.22
16/11/13,492.11
17/11/13,703.56
18/11/13,584.61
19/11/13,590.83
20/11/13,722.43
21/11/13,771.44
22/11/13,797.82
23/11/13,774.25
24/11/13,799.11
25/11/13,928.1
26/11/13,1001.96
27/11/13,1031.95
28/11/13,1131.97
29/11/13,1129.43
30/11/13,955.85
1/12/13,1043.33
2/12/13,1078.28
3/12/13,1151.17
4/12/13,1045.11
5/12/13,829.45
6/12/13,698.23
7/12/13,795.87
8/12/13,893.19
9/12/13,988.51
10/12/13,878.48
11/12/13,873.26
12/12/13,892.58
13/12/13,872.6
14/12/13,876.12
15/12/13,705.97
16/12/13,682.12
17/12/13,522.7
18/12/13,691.96
19/12/13,625.32
20/12/13,605.66
21/12/13,617.18
22/12/13,673.41
23/12/13,665.58
24/12/13,682.21
25/12/13,761.98
26/12/13,735.07
27/12/13,727.83
28/12/13,745.05
29/12/13,756.13
30/12/13,754.01
31/12/13,771.4
1/1/14,802.39
2/1/14,818.72
3/1/14,859.51
4/1/14,933.53
5/1/14,953.29
6/1/14,802
7/1/14,842.72
8/1/14,846.86
9/1/14,868.48
10/1/14,913.95
11/1/14,863.22
12/1/14,841.2
13/1/14,833.27
14/1/14,860.9
15/1/14,835.63
16/1/14,814.64
17/1/14,840
18/1/14,870.96
19/1/14,870.2
20/1/14,863.91
21/1/14,845.59
22/1/14,822.04
23/1/14,797.07
24/1/14,853.61
25/1/14,885.28
26/1/14,771.39
27/1/14,812.51
28/1/14,826
29/1/14,819.03
30/1/14,829.92
31/1/14,832.58
1/2/14,825.37
2/2/14,823.83
3/2/14,827.96
4/2/14,811.91
5/2/14,781.55
6/2/14,712.4
7/2/14,673.92
8/2/14,682.9
9/2/14,681.03
10/2/14,672.17
11/2/14,651.72
12/2/14,605.24
13/2/14,661.99
14/2/14,650.92
15/2/14,616.63
16/2/14,626.27
17/2/14,626.6
18/2/14,623.03
19/2/14,556.14
20/2/14,574.16
21/2/14,605.42
22/2/14,605.82
23/2/14,546.32
24/2/14,538.71
25/2/14,582.69
26/2/14,578.77
27/2/14,549.26
28/2/14,565.61
1/3/14,559.79
2/3/14,667.76
3/3/14,666.78
4/3/14,665.51
5/3/14,663.86
6/3/14,629.15
7/3/14,617.45
8/3/14,636.96
9/3/14,627.79
10/3/14,634.11
11/3/14,632.1
12/3/14,638.14
13/3/14,628.8
14/3/14,636.12
15/3/14,631.11
16/3/14,622.37
17/3/14,614.83
18/3/14,609.89
19/3/14,588.77
20/3/14,571.49
21/3/14,565.04
22/3/14,561.27
23/3/14,583.41
24/3/14,583.92
25/3/14,580.83
26/3/14,471.24
27/3/14,495.67
28/3/14,491.17
29/3/14,460.27
30/3/14,457
31/3/14,478.38
1/4/14,437.14
2/4/14,444.72
3/4/14,447.53
4/4/14,461.91
5/4/14,460.5
6/4/14,449.42
7/4/14,453.09
8/4/14,442.73
9/4/14,365.18
10/4/14,420.95
11/4/14,421.12
12/4/14,414.06
13/4/14,458.79
14/4/14,515.59
15/4/14,527.39
16/4/14,495.96
17/4/14,479.64
18/4/14,501.56
19/4/14,498.17
20/4/14,495.77
21/4/14,487.92
22/4/14,491.3
23/4/14,500.46
24/4/14,461.45
25/4/14,458.6
26/4/14,436.39
27/4/14,440.29
28/4/14,447.21
29/4/14,447.64
30/4/14,457.76
1/5/14,449.38
2/5/14,437.76
3/5/14,436.4
4/5/14,433.48
5/5/14,428.96
6/5/14,438.82
7/5/14,440.17
8/5/14,449.46
9/5/14,454.43
10/5/14,438.89
11/5/14,441.46
12/5/14,440.67
13/5/14,443.97
14/5/14,447.25
15/5/14,448.06
16/5/14,448.9
17/5/14,446.26
18/5/14,446.18
19/5/14,485.72
20/5/14,491.77
21/5/14,524.58
22/5/14,520.22
23/5/14,525.14
24/5/14,571.59
25/5/14,583.42
26/5/14,571.24
27/5/14,577.06
28/5/14,568.18
29/5/14,615.33
30/5/14,623.68
31/5/14,630.23
1/6/14,660.62
2/6/14,667.61
3/6/14,641.61
4/6/14,659.26
5/6/14,653.7
6/6/14,654.97
7/6/14,656.14
8/6/14,649.16
9/6/14,653.15
10/6/14,633.02
11/6/14,586.95
12/6/14,600.16
13/6/14,577.36
14/6/14,592.94
15/6/14,592.19
16/6/14,610.86
17/6/14,607.96
18/6/14,598.07
19/6/14,594.15
20/6/14,594.99
21/6/14,602.27
22/6/14,593.98
23/6/14,582.36
24/6/14,566.34
25/6/14,581.14
26/6/14,597.26
27/6/14,596.55
28/6/14,602.72
29/6/14,639.8
30/6/14,640.81
1/7/14,650.88
2/7/14,645.16
3/7/14,630.69
4/7/14,631.46
5/7/14,635.81
6/7/14,624.09
7/7/14,624.82
8/7/14,624.51
9/7/14,616.76
10/7/14,632
11/7/14,633.71
12/7/14,626.5
13/7/14,619.32
14/7/14,621.59
15/7/14,616.8
16/7/14,623.09
17/7/14,628.78
18/7/14,628.51
19/7/14,623.9
20/7/14,622.21
21/7/14,621.55
22/7/14,619.41
23/7/14,601.73
24/7/14,601.09
25/7/14,595.81
26/7/14,593.85
27/7/14,585.69
28/7/14,584.73
29/7/14,567.29
30/7/14,586.24
31/7/14,594.92
1/8/14,589.33
2/8/14,586.67
3/8/14,588.78
4/8/14,585.44
5/8/14,584.65
6/8/14,588.87
7/8/14,592.58
8/8/14,589.37
9/8/14,591.06
10/8/14,576.37
11/8/14,569.64
12/8/14,546.66
13/8/14,505.97
14/8/14,497.01
15/8/14,519.71
16/8/14,491.8
17/8/14,461.46
18/8/14,485.25
19/8/14,511.98
20/8/14,517.24
21/8/14,514.04
22/8/14,498.07
23/8/14,508.29
24/8/14,502.5
25/8/14,511.57
26/8/14,511.15
27/8/14,507.81
28/8/14,508.52
29/8/14,504.25
30/8/14,477.76
31/8/14,474.88
1/9/14,477.43
2/9/14,477.59
3/9/14,489.66
4/9/14,483.34
5/9/14,484.83
6/9/14,482.28
7/9/14,474.6
8/9/14,475.26
9/9/14,479.36
10/9/14,479.75
11/9/14,477.75
12/9/14,479
13/9/14,477.89
14/9/14,475.37
15/9/14,466.06
16/9/14,457.33
17/9/14,424.44
18/9/14,394.8
19/9/14,408.9
20/9/14,398.82
21/9/14,402.15
22/9/14,435.79
23/9/14,423.2
24/9/14,411.57
25/9/14,404.43
26/9/14,399.52
27/9/14,377.18
28/9/14,375.47
29/9/14,386.94
30/9/14,383.62
1/10/14,375.07
2/10/14,359.51
3/10/14,328.87
4/10/14,320.51
5/10/14,330.08
6/10/14,336.19
7/10/14,352.94
8/10/14,365.03
9/10/14,361.56
10/10/14,362.3
11/10/14,378.55
12/10/14,390.41
13/10/14,400.87
14/10/14,394.77
15/10/14,382.56
16/10/14,383.76
17/10/14,391.44
18/10/14,389.55
19/10/14,382.85
20/10/14,386.48
21/10/14,383.16
22/10/14,358.42
23/10/14,358.35
24/10/14,347.27
25/10/14,354.7
26/10/14,352.99
27/10/14,357.62
28/10/14,335.59
29/10/14,345.31
30/10/14,338.32
31/10/14,325.75
1/11/14,325.89
2/11/14,327.55
3/11/14,330.49
4/11/14,339.49
5/11/14,349.29
6/11/14,342.42
7/11/14,345.49
8/11/14,363.26
9/11/14,366.92
10/11/14,367.69
11/11/14,423.56
12/11/14,420.74
13/11/14,397.82
14/11/14,376.13
15/11/14,387.88
16/11/14,387.41
17/11/14,375.2
18/11/14,380.56
19/11/14,357.84
20/11/14,350.85
21/11/14,352.92
22/11/14,367.57
23/11/14,376.9
24/11/14,375.35
25/11/14,368.37
26/11/14,369.67
27/11/14,376.45
28/11/14,375.49
29/11/14,378.05
30/11/14,379.25
1/12/14,381.31
2/12/14,375.01
3/12/14,369.6
4/12/14,376.85
5/12/14,374.79
6/12/14,375.1
7/12/14,361.91
8/12/14,352.22
9/12/14,346.37
10/12/14,350.51
11/12/14,352.54
12/12/14,347.38
13/12/14,351.63
14/12/14,345.35
15/12/14,327.06
16/12/14,319.78
17/12/14,311.4
18/12/14,317.84
19/12/14,329.96
20/12/14,320.84
21/12/14,331.89
22/12/14,334.57
23/12/14,322.53
24/12/14,319.01
25/12/14,327.92
26/12/14,315.86
27/12/14,317.24
28/12/14,312.67
29/12/14,310.74
30/12/14,320.19
31/12/14,314.25
1/1/15,315.03
2/1/15,281.08
3/1/15,264.19
4/1/15,274.47
5/1/15,286.19
6/1/15,294.34
7/1/15,283.35
8/1/15,290.41
9/1/15,274.8
10/1/15,265.66
11/1/15,267.8
12/1/15,225.86
13/1/15,178.1
14/1/15,209.84
15/1/15,208.1
16/1/15,199.26
17/1/15,210.34
18/1/15,214.86
19/1/15,211.31
20/1/15,226.9
21/1/15,233.41
22/1/15,232.88
23/1/15,247.85
24/1/15,253.72
25/1/15,273.47
26/1/15,263.48
27/1/15,233.91
28/1/15,233.51
29/1/15,226.43
30/1/15,217.46
31/1/15,226.97
1/2/15,238.23
2/2/15,227.27
3/2/15,226.85
4/2/15,217.11
5/2/15,222.27
6/2/15,227.75
7/2/15,223.41
8/2/15,220.11
9/2/15,219.84
10/2/15,219.19
11/2/15,221.76
12/2/15,235.43
13/2/15,257.32
14/2/15,234.82
15/2/15,233.84
16/2/15,243.61
17/2/15,236.33
18/2/15,240.28
19/2/15,243.78
20/2/15,244.53
21/2/15,235.98
22/2/15,238.89
23/2/15,238.74
24/2/15,237.47
25/2/15,236.43
26/2/15,253.83
27/2/15,254.26
28/2/15,260.2
1/3/15,275.67
2/3/15,281.7
3/3/15,273.09
4/3/15,276.18
5/3/15,272.72
6/3/15,276.26
7/3/15,274.35
8/3/15,289.61
9/3/15,291.76
10/3/15,296.38
11/3/15,294.35
12/3/15,285.34
13/3/15,281.88
14/3/15,286.39
15/3/15,290.59
16/3/15,285.5
17/3/15,256.3
18/3/15,260.93
19/3/15,261.75
20/3/15,260.02
21/3/15,267.96
22/3/15,266.74
23/3/15,245.59
24/3/15,246.2
25/3/15,248.53
26/3/15,247.03
27/3/15,252.8
28/3/15,242.71
29/3/15,247.53
30/3/15,244.22
31/3/15,247.27
1/4/15,253
2/4/15,254.32
3/4/15,253.7
4/4/15,260.6
5/4/15,255.49
6/4/15,253.18
7/4/15,245.02
8/4/15,243.68
9/4/15,236.07
10/4/15,236.55
11/4/15,236.15
12/4/15,224.59
13/4/15,219.16
14/4/15,223.83
15/4/15,228.57
16/4/15,222.88
17/4/15,223.36
18/4/15,222.6
19/4/15,224.63
20/4/15,235.27
21/4/15,234.18
22/4/15,236.46
23/4/15,231.27
24/4/15,226.39
25/4/15,219.43
26/4/15,229.29
27/4/15,225.85
28/4/15,225.81
29/4/15,236.15
30/4/15,232.08
1/5/15,234.93
2/5/15,240.36
3/5/15,239.02
4/5/15,236.12
5/5/15,229.78
6/5/15,237.33
7/5/15,243.86
8/5/15,241.83
9/5/15,240.3
10/5/15,242.16
11/5/15,241.11
12/5/15,236.38
13/5/15,236.93
14/5/15,237.6
15/5/15,236.15
16/5/15,236.8
17/5/15,233.13
18/5/15,231.95
19/5/15,234.02
20/5/15,235.34
21/5/15,240.35
22/5/15,238.87
23/5/15,240.95
24/5/15,237.11
25/5/15,237.12
26/5/15,237.28
27/5/15,237.41
28/5/15,237.1
29/5/15,233.34
30/5/15,230.19
31/5/15,222.93
1/6/15,225.8
2/6/15,225.87
3/6/15,224.32
4/6/15,224.95
5/6/15,225.62
6/6/15,222.88
7/6/15,228.49
8/6/15,229.05
9/6/15,228.8
10/6/15,229.71
11/6/15,229.98
12/6/15,232.4
13/6/15,233.54
14/6/15,236.82
15/6/15,250.9
16/6/15,249.28
17/6/15,249.01
18/6/15,244.61
19/6/15,245.21
20/6/15,243.94
21/6/15,246.99
22/6/15,244.3
23/6/15,240.51
24/6/15,242.8
25/6/15,243.59
26/6/15,250.99
27/6/15,249.01
28/6/15,257.06
29/6/15,263.07
30/6/15,258.62
1/7/15,255.41
2/7/15,256.34
3/7/15,260.89
4/7/15,271.91
5/7/15,269.03
6/7/15,266.21
7/7/15,270.79
8/7/15,269.23
9/7/15,284.89
10/7/15,293.12
11/7/15,310.87
12/7/15,292.05
13/7/15,287.46
14/7/15,285.83
15/7/15,278.09
16/7/15,279.47
17/7/15,274.9
18/7/15,273.61
19/7/15,278.98
20/7/15,275.83
21/7/15,277.22
22/7/15,276.05
23/7/15,288.28
24/7/15,288.7
25/7/15,292.69
26/7/15,293.62
27/7/15,294.43
28/7/15,289.59
29/7/15,287.72
30/7/15,284.65
31/7/15,281.6
1/8/15,282.61
2/8/15,281.23
3/8/15,285.22
4/8/15,281.88
5/8/15,278.58
6/8/15,279.58
7/8/15,261
8/8/15,265.08
9/8/15,264.47
10/8/15,270.39
11/8/15,266.38
12/8/15,264.08
13/8/15,265.68
14/8/15,261.55
15/8/15,258.51
16/8/15,257.98
17/8/15,211.08
18/8/15,226.68
19/8/15,235.35
20/8/15,232.57
21/8/15,230.39
22/8/15,228.17
23/8/15,210.5
24/8/15,221.61
25/8/15,225.83
26/8/15,224.77
27/8/15,231.4
28/8/15,229.78
29/8/15,228.76
30/8/15,230.06
31/8/15,228.12
1/9/15,229.28
2/9/15,227.18
3/9/15,230.3
4/9/15,235.02
5/9/15,239.84
6/9/15,239.85
7/9/15,243.61
8/9/15,238.17
9/9/15,238.48
10/9/15,240.11
11/9/15,235.23
12/9/15,230.51
13/9/15,230.64
14/9/15,230.3
15/9/15,229.09
16/9/15,229.81
17/9/15,232.97
18/9/15,231.49
19/9/15,231.21
20/9/15,227.09
21/9/15,230.62
22/9/15,230.28
23/9/15,234.53
24/9/15,235.14
25/9/15,234.34
26/9/15,232.76
27/9/15,239.14
28/9/15,236.69
29/9/15,236.06
30/9/15,237.55
1/10/15,237.29
2/10/15,238.73
3/10/15,238.26
4/10/15,240.38
5/10/15,246.06
6/10/15,242.97
7/10/15,242.3
8/10/15,243.93
9/10/15,244.94
10/10/15,247.05
11/10/15,245.31
12/10/15,249.51
13/10/15,251.99
14/10/15,254.32
15/10/15,262.87
16/10/15,270.64
17/10/15,261.64
18/10/15,263.44
19/10/15,269.46
20/10/15,266.27
21/10/15,274.02
22/10/15,276.5
23/10/15,281.65
24/10/15,283.68
25/10/15,285.3
26/10/15,293.79
27/10/15,304.62
28/10/15,313.86
29/10/15,328.01
30/10/15,314.17
31/10/15,325.43
1/11/15,361.19
2/11/15,403.42
3/11/15,411.56
4/11/15,386.35
5/11/15,374.47
6/11/15,386.48
7/11/15,373.37
8/11/15,380.26
9/11/15,336.82
10/11/15,311.08
11/11/15,338.15
12/11/15,336.75
13/11/15,332.91
14/11/15,320.17
15/11/15,330.75
16/11/15,335.09
17/11/15,334.59
18/11/15,326.15
19/11/15,322.02
20/11/15,326.93
21/11/15,324.54
22/11/15,323.05
23/11/15,320.05
24/11/15,328.21
25/11/15,352.68
26/11/15,358.04
27/11/15,357.38
28/11/15,371.29
29/11/15,377.32
30/11/15,362.49
1/12/15,359.19
2/12/15,361.05
3/12/15,363.18
4/12/15,388.95
5/12/15,388.78
6/12/15,395.54
7/12/15,415.56
8/12/15,417.56
9/12/15,415.48
10/12/15,451.94
11/12/15,435
12/12/15,433.75
13/12/15,444.18
14/12/15,465.32
15/12/15,454.93
16/12/15,456.08
17/12/15,463.62
18/12/15,462.32
19/12/15,442.69
20/12/15,438.64
21/12/15,436.57
22/12/15,442.4
23/12/15,454.99
24/12/15,455.65
25/12/15,417.27
26/12/15,422.82
27/12/15,422.28
28/12/15,432.98
29/12/15,426.62
30/12/15,430.57
31/12/15,434.33
1/1/16,433.44
2/1/16,430.01
3/1/16,433.09
4/1/16,431.96
5/1/16,429.11
6/1/16,458.05
7/1/16,453.23
8/1/16,447.61
9/1/16,447.99
10/1/16,448.43
11/1/16,435.69
12/1/16,432.37
13/1/16,430.31
14/1/16,364.33
15/1/16,387.54
16/1/16,382.3
17/1/16,387.17
18/1/16,380.15
19/1/16,420.23
20/1/16,410.26
21/1/16,382.49
22/1/16,387.49
23/1/16,402.97
24/1/16,391.73
25/1/16,392.15
26/1/16,394.97
27/1/16,380.29
28/1/16,379.47
29/1/16,378.25
30/1/16,368.77
31/1/16,373.06
1/2/16,374.45
2/2/16,369.95
3/2/16,389.59
4/2/16,386.55
5/2/16,376.52
6/2/16,376.62
7/2/16,373.45
8/2/16,376.03
9/2/16,381.65
10/2/16,379.65
11/2/16,384.26
12/2/16,391.86
13/2/16,407.23
14/2/16,400.19
15/2/16,407.49
16/2/16,416.32
17/2/16,422.37
18/2/16,420.79
19/2/16,437.16
20/2/16,438.8
21/2/16,437.75
22/2/16,420.74
23/2/16,424.95
24/2/16,424.54
25/2/16,432.15
26/2/16,432.52
27/2/16,433.5
28/2/16,437.7
29/2/16,435.12
1/3/16,423.99
2/3/16,421.65
3/3/16,410.94
4/3/16,400.57
5/3/16,407.71
6/3/16,414.32
7/3/16,413.97
8/3/16,414.86
9/3/16,417.13
10/3/16,421.69
11/3/16,411.62
12/3/16,414.06
13/3/16,416.44
14/3/16,416.83
15/3/16,417.01
16/3/16,420.62
17/3/16,409.55
18/3/16,410.44
19/3/16,413.75
20/3/16,413.31
21/3/16,418.09
22/3/16,418.04
23/3/16,416.39
24/3/16,417.18
25/3/16,417.94
26/3/16,426.76
27/3/16,424.23
28/3/16,416.52
29/3/16,414.82
30/3/16,416.73
31/3/16,417.96
1/4/16,420.87
2/4/16,420.9
3/4/16,421.44
4/4/16,424.03
5/4/16,423.41
6/4/16,422.75
7/4/16,420.35
8/4/16,419.41
9/4/16,421.56
10/4/16,422.48
11/4/16,425.19
12/4/16,423.73
13/4/16,424.28
14/4/16,429.71
15/4/16,430.57
16/4/16,427.4
17/4/16,428.59
18/4/16,435.51
19/4/16,441.39
20/4/16,449.43
21/4/16,445.74
22/4/16,450.28
23/4/16,458.56
24/4/16,461.43
25/4/16,466.09
26/4/16,444.69
27/4/16,449.01
28/4/16,455.1
29/4/16,448.32
30/4/16,451.88
1/5/16,444.67
2/5/16,450.3
3/5/16,446.72
4/5/16,447.98
5/5/16,459.6
6/5/16,458.54
7/5/16,458.55
8/5/16,460.48
9/5/16,450.89
10/5/16,452.73
11/5/16,454.77
12/5/16,455.67
13/5/16,455.67
14/5/16,457.57
15/5/16,454.16
16/5/16,453.78
17/5/16,454.62
18/5/16,438.71
19/5/16,442.68
20/5/16,443.19
21/5/16,439.32
22/5/16,444.15
23/5/16,445.98
24/5/16,449.6
25/5/16,453.38
26/5/16,473.46
27/5/16,530.04
28/5/16,526.23
29/5/16,533.86
30/5/16,531.39
31/5/16,536.92
1/6/16,537.97
2/6/16,569.19
3/6/16,572.73
4/6/16,574.98
5/6/16,585.54
6/6/16,576.6
7/6/16,581.64
8/6/16,574.63
9/6/16,577.47
10/6/16,606.73
11/6/16,672.78
12/6/16,704.38
13/6/16,685.56
14/6/16,694.47
15/6/16,766.31
16/6/16,748.91
17/6/16,756.23
18/6/16,763.78
19/6/16,737.23
20/6/16,666.65
21/6/16,596.12
22/6/16,623.98
23/6/16,665.3
24/6/16,665.12
25/6/16,629.37
26/6/16,655.27
27/6/16,647
28/6/16,639.89
29/6/16,673.34
30/6/16,676.3
1/7/16,703.7
2/7/16,658.66
3/7/16,683.66
4/7/16,670.63
5/7/16,677.33
6/7/16,640.56
7/7/16,666.52
8/7/16,650.96
9/7/16,649.36
10/7/16,647.66
11/7/16,664.55
12/7/16,654.47
13/7/16,658.08
14/7/16,663.25
15/7/16,660.77
16/7/16,679.46
17/7/16,673.11
18/7/16,672.86
19/7/16,665.68
20/7/16,665.01
21/7/16,650.62
22/7/16,655.56
23/7/16,661.28
24/7/16,654.1
25/7/16,651.78
26/7/16,654.35
27/7/16,655.03
28/7/16,656.99
29/7/16,655.05
30/7/16,624.68
31/7/16,606.27
1/8/16,547.47
2/8/16,566.36
3/8/16,578.29
4/8/16,575.04
5/8/16,587.78
6/8/16,592.69
7/8/16,591.05
8/8/16,587.8
9/8/16,592.1
10/8/16,589.12
11/8/16,587.56
12/8/16,585.59
13/8/16,570.47
14/8/16,567.24
15/8/16,577.44
16/8/16,573.22
17/8/16,574.32
18/8/16,575.63
19/8/16,581.7
20/8/16,581.31
21/8/16,586.75
22/8/16,583.41
23/8/16,580.18
24/8/16,577.76
25/8/16,579.65
26/8/16,569.95
27/8/16,573.91
28/8/16,574.11
29/8/16,577.5
30/8/16,575.47
31/8/16,572.3
1/9/16,575.54
2/9/16,598.21
3/9/16,608.63
4/9/16,606.59
5/9/16,610.44
6/9/16,614.54
7/9/16,626.32
8/9/16,622.86
9/9/16,623.51
10/9/16,606.72
11/9/16,608.24
12/9/16,609.24
13/9/16,610.68
14/9/16,607.15
15/9/16,606.97
16/9/16,605.98
17/9/16,609.87
18/9/16,609.23
19/9/16,608.31
20/9/16,597.15
21/9/16,596.3
22/9/16,602.84
23/9/16,602.63
24/9/16,600.83
25/9/16,608.04
26/9/16,606.17
27/9/16,604.73
28/9/16,605.69
29/9/16,609.74
30/9/16,613.98
1/10/16,610.89
2/10/16,612.13
3/10/16,610.2
4/10/16,612.51
5/10/16,613.02
6/10/16,617.12
7/10/16,619.11
8/10/16,616.75
9/10/16,618.99
10/10/16,641.07
11/10/16,636.19
12/10/16,636.79
13/10/16,640.38
14/10/16,638.65
15/10/16,641.63
16/10/16,639.19
17/10/16,637.96
18/10/16,630.52
19/10/16,630.86
20/10/16,632.83
21/10/16,657.29
22/10/16,657.07
23/10/16,653.76
24/10/16,657.59
25/10/16,678.3
26/10/16,688.31
27/10/16,689.65
28/10/16,714.48
29/10/16,701.86
30/10/16,700.97
31/10/16,729.79
1/11/16,740.83
2/11/16,688.7
3/11/16,703.24
4/11/16,703.42
5/11/16,711.52
6/11/16,703.13
7/11/16,709.85
8/11/16,723.27
9/11/16,715.53
10/11/16,716.41
11/11/16,705.05
12/11/16,702.03
13/11/16,705.02
14/11/16,711.62
15/11/16,744.2
16/11/16,740.98
17/11/16,751.59
18/11/16,751.62
19/11/16,731.03
20/11/16,739.25
21/11/16,751.35
22/11/16,744.59
23/11/16,740.29
24/11/16,741.65
25/11/16,735.38
26/11/16,732.03
27/11/16,735.81
28/11/16,735.6
29/11/16,745.69
30/11/16,756.77
1/12/16,777.94
2/12/16,771.15
3/12/16,773.87
4/12/16,758.7
5/12/16,764.22
6/12/16,768.13
7/12/16,770.81
8/12/16,772.79
9/12/16,774.65
10/12/16,769.73
11/12/16,780.09
12/12/16,780.56
13/12/16,781.48
14/12/16,778.09
15/12/16,784.91
16/12/16,790.83
17/12/16,790.53
18/12/16,792.71
19/12/16,800.88
20/12/16,834.28
21/12/16,864.54
22/12/16,921.98
23/12/16,898.82
24/12/16,896.18
25/12/16,907.61
26/12/16,933.2
27/12/16,975.92
28/12/16,973.5
29/12/16,961.24
30/12/16,963.74
31/12/16,998.33
1/1/17,1021.75
2/1/17,1043.84
3/1/17,1154.73
4/1/17,1013.38
5/1/17,902.2
6/1/17,908.59
7/1/17,911.2
8/1/17,902.83
9/1/17,907.68
10/1/17,777.76
11/1/17,804.83
12/1/17,823.98
13/1/17,818.41
14/1/17,821.8
15/1/17,831.53
16/1/17,907.94
17/1/17,886.62
18/1/17,899.07
19/1/17,895.03
20/1/17,921.79
21/1/17,924.67
22/1/17,921.01
23/1/17,892.69
24/1/17,901.54
25/1/17,917.59
26/1/17,919.75
27/1/17,921.59
28/1/17,919.5
29/1/17,920.38
30/1/17,970.4
31/1/17,989.02
1/2/17,1011.8
2/2/17,1029.91
3/2/17,1042.9
4/2/17,1027.34
5/2/17,1038.15
6/2/17,1061.35
7/2/17,1063.07
8/2/17,994.38
9/2/17,988.67
10/2/17,1004.45
11/2/17,999.18
12/2/17,990.64
13/2/17,1004.55
14/2/17,1007.48
15/2/17,1027.44
16/2/17,1046.21
17/2/17,1054.42
18/2/17,1047.87
19/2/17,1079.98
20/2/17,1115.3
21/2/17,1117.44
22/2/17,1166.72
23/2/17,1173.68
24/2/17,1143.84
25/2/17,1165.2
26/2/17,1179.97
27/2/17,1179.97
28/2/17,1222.5
1/3/17,1251.01
2/3/17,1274.99
3/3/17,1255.15
4/3/17,1267.12
5/3/17,1272.83
6/3/17,1223.54
7/3/17,1150
8/3/17,1188.49
9/3/17,1116.72
10/3/17,1175.83
11/3/17,1221.38
12/3/17,1231.92
13/3/17,1240
14/3/17,1249.61
15/3/17,1187.81
16/3/17,1100.23
17/3/17,973.82
18/3/17,1036.74
19/3/17,1054.23
20/3/17,1120.54
21/3/17,1049.14
22/3/17,1038.59
23/3/17,937.52
24/3/17,972.78
25/3/17,966.73
26/3/17,1045.77
27/3/17,1047.15
28/3/17,1039.97
29/3/17,1026.43
30/3/17,1071.79
31/3/17,1080.5
1/4/17,1102.17
2/4/17,1143.81
3/4/17,1133.25
4/4/17,1124.78
5/4/17,1182.68
6/4/17,1176.9
7/4/17,1175.95
8/4/17,1187.87
9/4/17,1187.13
10/4/17,1205.01
11/4/17,1200.37
12/4/17,1169.28
13/4/17,1167.54
14/4/17,1172.52
15/4/17,1182.94
16/4/17,1193.91
17/4/17,1211.67
18/4/17,1210.29
19/4/17,1229.08
20/4/17,1222.05
21/4/17,1231.71
22/4/17,1207.21
23/4/17,1250.15
24/4/17,1265.49
25/4/17,1281.08
26/4/17,1317.73
27/4/17,1316.48
28/4/17,1321.79
29/4/17,1347.89
30/4/17,1421.6
1/5/17,1452.82
2/5/17,1490.09
3/5/17,1537.67
4/5/17,1555.45
5/5/17,1578.8
6/5/17,1596.71
7/5/17,1723.35
8/5/17,1755.36
9/5/17,1787.13
10/5/17,1848.57
11/5/17,1724.24
12/5/17,1804.91
13/5/17,1808.91
14/5/17,1738.43
15/5/17,1734.45
16/5/17,1839.09
17/5/17,1888.65
18/5/17,1987.71
19/5/17,2084.73
20/5/17,2041.2
21/5/17,2173.4
22/5/17,2320.42
23/5/17,2443.64
24/5/17,2304.98
25/5/17,2202.42
26/5/17,2038.87
27/5/17,2155.8
28/5/17,2255.61
29/5/17,2175.47
30/5/17,2286.41
31/5/17,2407.88
1/6/17,2488.55
2/6/17,2515.35
3/6/17,2511.81
4/6/17,2686.81
5/6/17,2863.2
6/6/17,2732.16
7/6/17,2805.62
8/6/17,2823.81
9/6/17,2947.71
10/6/17,2958.11
11/6/17,2659.63
12/6/17,2717.02
13/6/17,2506.37
14/6/17,2464.58
15/6/17,2518.56
16/6/17,2655.88
17/6/17,2548.29
18/6/17,2589.6
19/6/17,2721.79
20/6/17,2689.1
21/6/17,2705.41
22/6/17,2744.91
23/6/17,2608.72
24/6/17,2589.41
25/6/17,2478.45
26/6/17,2552.45
27/6/17,2574.79
28/6/17,2539.32
29/6/17,2480.84
30/6/17,2434.55
1/7/17,2506.47
2/7/17,2564.06
3/7/17,2601.64
4/7/17,2601.99
5/7/17,2608.56
6/7/17,2518.66
7/7/17,2571.34
8/7/17,2518.44
9/7/17,2372.56
10/7/17,2337.79
11/7/17,2398.84
12/7/17,2357.9
13/7/17,2233.34
14/7/17,1998.86
15/7/17,1929.82
16/7/17,2228.41
17/7/17,2318.88
18/7/17,2273.43
19/7/17,2817.6
20/7/17,2667.76
21/7/17,2810.12
22/7/17,2730.4
23/7/17,2754.86
24/7/17,2576.48
25/7/17,2529.45
26/7/17,2671.78
27/7/17,2809.01
28/7/17,2726.45
29/7/17,2757.18
30/7/17,2875.34
31/7/17,2718.26
1/8/17,2710.67
2/8/17,2804.73
3/8/17,2895.89
4/8/17,3252.91
5/8/17,3213.94
6/8/17,3378.94
7/8/17,3419.94
8/8/17,3342.47
9/8/17,3381.28
10/8/17,3650.62
11/8/17,3884.71
12/8/17,4073.26
13/8/17,4325.13
14/8/17,4181.93
15/8/17,4376.63
16/8/17,4331.69
17/8/17,4160.62
18/8/17,4193.7
19/8/17,4087.66
20/8/17,4001.74
21/8/17,4100.52
22/8/17,4151.52
23/8/17,4334.68
24/8/17,4371.6
25/8/17,4352.4
26/8/17,4382.88
27/8/17,4382.66
28/8/17,4579.02
29/8/17,4565.3
30/8/17,4703.39
31/8/17,4892.01
1/9/17,4578.77
2/9/17,4582.96
3/9/17,4236.31
4/9/17,4376.53
5/9/17,4597.12
6/9/17,4599.88
7/9/17,4228.75
8/9/17,4226.06
9/9/17,4122.94
10/9/17,4161.27
11/9/17,4130.81
12/9/17,3882.59
13/9/17,3154.95
14/9/17,3637.52
15/9/17,3625.04
16/9/17,3582.88
17/9/17,4065.2
18/9/17,3924.97
19/9/17,3905.95
20/9/17,3631.04
21/9/17,3630.7
22/9/17,3792.4
23/9/17,3682.84
24/9/17,3926.07
25/9/17,3892.35
26/9/17,4200.67
27/9/17,4174.73
28/9/17,4163.07
29/9/17,4338.71
30/9/17,4403.74
1/10/17,4409.32
2/10/17,4317.48
3/10/17,4229.36
4/10/17,4328.41
5/10/17,4370.81
6/10/17,4426.89
7/10/17,4610.48
8/10/17,4772.02
9/10/17,4781.99
10/10/17,4826.48
11/10/17,5446.91
12/10/17,5647.21
13/10/17,5831.79
14/10/17,5678.19
15/10/17,5725.59
16/10/17,5605.51
17/10/17,5590.69
18/10/17,5708.52
19/10/17,6011.45
20/10/17,6031.6
21/10/17,6008.42
22/10/17,5930.32
23/10/17,5526.64
24/10/17,5750.8
25/10/17,5904.83
26/10/17,5780.9
27/10/17,5753.09
28/10/17,6153.85
29/10/17,6130.53
30/10/17,6468.4
31/10/17,6767.31
1/11/17,7078.5
2/11/17,7207.76
3/11/17,7379.95
4/11/17,7407.41
5/11/17,7022.76
6/11/17,7144.38
7/11/17,7459.69
8/11/17,7143.58
9/11/17,6618.14
10/11/17,6357.6
11/11/17,5950.07
12/11/17,6559.49
13/11/17,6635.75
14/11/17,7315.54
15/11/17,7871.69
16/11/17,7708.99
17/11/17,7790.15
18/11/17,8036.49
19/11/17,8200.64
20/11/17,8071.26
21/11/17,8253.55
22/11/17,8038.77
23/11/17,8253.69
24/11/17,8790.92
25/11/17,9330.55
26/11/17,9818.35
27/11/17,10058.8
28/11/17,9888.61
29/11/17,10233.6
30/11/17,10975.6
1/12/17,11074.6
2/12/17,11323.2
3/12/17,11657.2
4/12/17,11916.7
5/12/17,14291.5
6/12/17,17899.7
7/12/17,16569.4
8/12/17,15178.2
9/12/17,15455.4
10/12/17,16936.8
11/12/17,17415.4
12/12/17,16408.2
13/12/17,16564
14/12/17,17706.9
15/12/17,19497.4
16/12/17,19140.8
17/12/17,19114.2
18/12/17,17776.7
19/12/17,16624.6
20/12/17,15802.9
21/12/17,13831.8
22/12/17,14699.2
23/12/17,13925.8
24/12/17,14026.6
25/12/17,16099.8
26/12/17,15838.5
27/12/17,14606.5
28/12/17,14656.2
29/12/17,12952.2
30/12/17,14156.4
31/12/17,13657.2
1/1/18,14982.1
2/1/18,15201
3/1/18,15599.2
4/1/18,17429.5
5/1/18,17527
6/1/18,16477.6
7/1/18,15170.1
8/1/18,14595.4
9/1/18,14973.3
10/1/18,13405.8
11/1/18,13980.6
12/1/18,14360.2
13/1/18,13772
14/1/18,13819.8
15/1/18,11490.5
16/1/18,11188.6
17/1/18,11474.9
18/1/18,11607.4
19/1/18,12899.2
20/1/18,11600.1
21/1/18,10931.4
22/1/18,10868.4
23/1/18,11359.4
24/1/18,11259.4
25/1/18,11171.4
26/1/18,11440.7
27/1/18,11786.3
28/1/18,11296.4
29/1/18,10106.3
30/1/18,10221.1
31/1/18,9170.54
1/2/18,8830.75
2/2/18,9174.91
3/2/18,8277.01
4/2/18,6955.27
5/2/18,7754
6/2/18,7621.3
7/2/18,8265.59
8/2/18,8736.98
9/2/18,8621.9
10/2/18,8129.97
11/2/18,8926.57
12/2/18,8598.31
13/2/18,9494.63
14/2/18,10166.4
15/2/18,10233.9
16/2/18,11112.7
17/2/18,10551.8
18/2/18,11225.3
19/2/18,11403.7
20/2/18,10690.4
21/2/18,10005
22/2/18,10301.1
23/2/18,9813.07
24/2/18,9664.73
25/2/18,10366.7
26/2/18,10725.6
27/2/18,10397.9
28/2/18,10951
1/3/18,11086.4
2/3/18,11489.7
3/3/18,11512.6
4/3/18,"11,512.60"
5/3/18,"11,573.30"
6/3/18,"10,779.90"
7/3/18,"9,965.57"
8/3/18,"9,395.01"
9/3/18,"9,337.55"
10/3/18,"8,866.00"
11/3/18,"9,578.63"
12/3/18,"9,205.12"
13/3/18,"9,194.85"
14/3/18,8269.81
15/3/18,8300.86
16/3/18,8338.35
17/3/18,7916.88
18/3/18,8223.68
19/3/18,8630.65
20/3/18,8913.47
21/3/18,8929.28
22/3/18,8728.47
23/3/18,8879.62
24/3/18,8668.12
25/3/18,8495.78
26/3/18,8209.4
27/3/18,7833.04
28/3/18,7954.48
29/3/18,7165.7
30/3/18,6890.52
31/3/18,6973.53
1/4/18,6844.23
2/4/18,7083.8
3/4/18,7456.11
4/4/18,6853.84
5/4/18,6811.47
6/4/18,6636.32
7/4/18,6911.09
8/4/18,7023.52
9/4/18,6770.73
10/4/18,6834.76
11/4/18,6968.32
12/4/18,7889.25
13/4/18,7895.96
14/4/18,7986.24
15/4/18,8329.11
16/4/18,8058.67
17/4/18,7902.09
18/4/18,8163.42
19/4/18,8294.31
20/4/18,8845.83
21/4/18,8895.58
22/4/18,8802.46
23/4/18,8930.88
24/4/18,9697.5
25/4/18,8845.74
26/4/18,9281.51
27/4/18,8987.05
28/4/18,9348.48
29/4/18,9419.08
30/4/18,9240.55
1/5/18,9119.01
2/5/18,9235.92
3/5/18,9743.86
4/5/18,9700.76
5/5/18,9858.15
6/5/18,9654.8
7/5/18,9373.01
8/5/18,9234.82
9/5/18,9325.18
10/5/18,9043.94
11/5/18,8441.49
12/5/18,8504.89
13/5/18,8723.94
14/5/18,8716.79
15/5/18,8510.38
16/5/18,8368.83
17/5/18,8094.32
18/5/18,8250.97
19/5/18,8247.18
20/5/18,8513.25
21/5/18,8418.99
22/5/18,8041.78
23/5/18,7557.82
24/5/18,7587.34
25/5/18,7480.14
26/5/18,7355.88
27/5/18,7368.22
28/5/18,7135.99
29/5/18,7472.59
30/5/18,7406.52
31/5/18,7494.17
1/6/18,7541.45
2/6/18,7643.45
3/6/18,7720.25
4/6/18,7514.47
5/6/18,7633.76
6/6/18,7653.98
7/6/18,7678.24
8/6/18,7624.92
9/6/18,7531.98
10/6/18,6786.02
11/6/18,6906.92
12/6/18,6582.36
13/6/18,6349.9
14/6/18,6675.35
15/6/18,6456.58
16/6/18,6550.16
17/6/18,6499.27
18/6/18,6734.82
19/6/18,6769.94
20/6/18,6776.55
21/6/18,6729.74
22/6/18,6083.69
23/6/18,6162.48
24/6/18,6173.23
25/6/18,6249.18
26/6/18,6093.67
27/6/18,6157.13
28/6/18,5903.44
29/6/18,6218.3
30/6/18,6404
1/7/18,6385.82
2/7/18,6614.18
3/7/18,6529.59
4/7/18,6597.55
5/7/18,6639.14
6/7/18,6673.5
7/7/18,6856.93
8/7/18,6773.88
9/7/18,6741.75
10/7/18,6329.95
11/7/18,6394.71
12/7/18,6228.81
13/7/18,6238.05
14/7/18,6276.12
15/7/18,6359.64
16/7/18,6741.75
17/7/18,7321.04
18/7/18,7370.78
19/7/18,7466.86
20/7/18,7354.13
21/7/18,7419.29
22/7/18,7418.49
23/7/18,7711.11
24/7/18,8424.27
25/7/18,8181.39
26/7/18,7951.58
27/7/18,8165.01
28/7/18,8192.15
29/7/18,8218.46
30/7/18,8180.48
31/7/18,7780.44
1/8/18,7624.91
2/8/18,7567.15
3/8/18,7434.39
4/8/18,7032.85
5/8/18,7068.48
6/8/18,6951.8
7/8/18,6753.12
8/8/18,6305.8
9/8/18,6568.23
10/8/18,6184.71
11/8/18,6295.73
12/8/18,6322.69
13/8/18,6297.57
14/8/18,6199.71
15/8/18,6308.52
16/8/18,6334.73
17/8/18,6580.63
18/8/18,6423.76
19/8/18,6506.07
20/8/18,6308.53
21/8/18,6488.76
22/8/18,6376.71
23/8/18,6534.88
24/8/18,6719.96
25/8/18,6763.19
26/8/18,6707.26
27/8/18,6884.64
28/8/18,7096.28
29/8/18,7047.16
30/8/18,6978.23
31/8/18,7037.58
1/9/18,7193.25
2/9/18,7272.72
3/9/18,7260.06
4/9/18,7361.66
5/9/18,6792.83
6/9/18,6529.17
7/9/18,6467.07
8/9/18,6225.98
9/9/18,6300.86
10/9/18,6329.7
11/9/18,6321.2
12/9/18,6351.8
13/9/18,6517.31
14/9/18,6512.71
15/9/18,6543.2
16/9/18,6517.18
17/9/18,6281.2
18/9/18,6371.3
19/9/18,6398.54
20/9/18,6519.67
21/9/18,6734.95
22/9/18,6721.98
23/9/18,6710.63
24/9/18,6595.41
25/9/18,6446.47
26/9/18,6495
27/9/18,6676.75
28/9/18,6644.13
29/9/18,6601.96
30/9/18,6625.56
1/10/18,6589.62
2/10/18,6556.1
3/10/18,6502.59
4/10/18,6576.69
5/10/18,6622.48
6/10/18,6588.31
7/10/18,6602.95
8/10/18,6652.23
9/10/18,6642.64
10/10/18,6585.53
11/10/18,6256.24
12/10/18,6274.58
13/10/18,6285.99
14/10/18,6290.93
15/10/18,6596.54
16/10/18,6596.11
17/10/18,6544.43
18/10/18,6476.71
19/10/18,6465.41
20/10/18,6489.19
21/10/18,6482.35
22/10/18,6487.16
23/10/18,6475.74
24/10/18,6495.84
25/10/18,6476.29
26/10/18,6474.75
27/10/18,6480.38
28/10/18,6486.39
29/10/18,6332.63
30/10/18,6334.27
31/10/18,6317.61
1/11/18,6377.78
2/11/18,6388.44
3/11/18,6361.26
4/11/18,6376.13
5/11/18,6419.66
6/11/18,6461.01
7/11/18,6530.14
8/11/18,6453.72
9/11/18,6385.62
10/11/18,6409.22
11/11/18,6411.27
12/11/18,6371.27
13/11/18,6359.49
14/11/18,5738.35
15/11/18,5648.03
16/11/18,5575.55
17/11/18,5554.33
18/11/18,5623.54
19/11/18,4871.49
20/11/18,4451.87
21/11/18,4602.17
22/11/18,4365.94
23/11/18,4347.11
24/11/18,3880.76
25/11/18,4009.97
26/11/18,3779.13
27/11/18,3820.72
28/11/18,4257.42
29/11/18,4278.85
30/11/18,4017.27
1/12/18,4214.67
2/12/18,4139.88
3/12/18,3894.13
4/12/18,3956.89
5/12/18,3753.99
6/12/18,3521.1
7/12/18,3419.94
8/12/18,3476.11
9/12/18,3614.23
10/12/18,3502.66
11/12/18,3424.59
12/12/18,3486.95
13/12/18,3313.68
14/12/18,3242.48
15/12/18,3236.76
16/12/18,3252.84
17/12/18,3545.86
18/12/18,3696.06
19/12/18,3745.95
20/12/18,4134.44
21/12/18,3896.54
22/12/18,4014.18
23/12/18,3998.98
24/12/18,4078.6
25/12/18,3815.49
26/12/18,3857.3
27/12/18,3654.83
28/12/18,3923.92
29/12/18,3820.41
30/12/18,3865.95
31/12/18,3742.7
1/1/19,3843.52
2/1/19,3943.41
3/1/19,3836.74
4/1/19,3857.72
5/1/19,3845.19
6/1/19,4076.63
7/1/19,4025.25
8/1/19,4030.85
9/1/19,4035.3
10/1/19,3678.92
11/1/19,3687.37
12/1/19,3661.3
13/1/19,3552.95
14/1/19,3706.05
15/1/19,3630.68
16/1/19,3655.01
17/1/19,3678.56
18/1/19,3657.84
19/1/19,3728.57
20/1/19,3601.01
21/1/19,3576.03
22/1/19,3604.58
23/1/19,3585.12
24/1/19,3600.87
25/1/19,3599.77
26/1/19,3602.46
27/1/19,3583.97
28/1/19,3470.45
29/1/19,3448.12
30/1/19,3486.18
31/1/19,3457.79
1/2/19,3487.95
2/2/19,3521.06
3/2/19,3464.01
4/2/19,3459.15
5/2/19,3466.36
6/2/19,3413.77
7/2/19,3399.47
8/2/19,3666.78
9/2/19,3671.2
10/2/19,3690.19
11/2/19,3648.43
12/2/19,3653.53
13/2/19,3632.07
14/2/19,3616.88
15/2/19,3620.81
16/2/19,3629.79
17/2/19,3673.84
18/2/19,3915.71
19/2/19,3947.09
20/2/19,3999.82
21/2/19,3954.12
22/2/19,4005.53
23/2/19,4142.53
24/2/19,3810.43